,RK,Name,GP,Min,True Shooting,ASTR,TOR,USG,ORR,DRR,REBR,PER,VA,EVA
297,,Aaron Brooks,66,16.2,0.491,23.6,10.9,23.3,2,7.6,4.8,11.79,12.5,0.4
100,101,Aaron Gordon,76,23.8,0.545,15,7.9,16.4,9.1,21.5,15.2,17.08,150.5,5
465,466,Aaron Harrison,18,4.1,0.309,4.3,12.8,12.3,5.8,9,7.4,1.84,-9.6,-0.3
445,446,Adreian Payne,49,9.4,0.434,13.8,16.3,16,4.3,21.4,12.9,5.77,-39.5,-1.3
50,51,Al Horford,78,32.1,0.564,17.6,7.2,19.5,6.4,17.8,12.2,19.5,332.6,11.1
94,95,Al Jefferson,42,23.3,0.494,10.5,4.9,21.9,5.7,23.8,14.6,17.26,97.2,3.2
267,,Al-Farouq Aminu,79,28.5,0.526,13.2,11.4,16.2,4.5,18.9,11.7,12.53,68.1,2.3
254,255,Alan Anderson,9,14.4,0.589,15.8,3.5,15.3,0.8,15.9,8.2,12.82,4.5,0.2
168,,Alan Williams,6,4.2,0.525,7.4,22.2,20.1,21.3,26.7,23.9,14.71,1.5,0.1
185,,Alec Burks,28,27.1,0.518,11.9,9.9,25.2,2.5,12.9,7.7,14.41,44.4,1.5
260,261,Alex Len,74,23,0.485,9.5,15.3,19.5,10.5,25.6,17.9,12.7,53.4,1.8
162,,Alex Stepheson,8,9.1,0.341,5.8,0,6.3,28.7,14.4,21.8,14.86,3.7,0.1
232,233,Alexis Ajinca,56,13.9,0.509,6.7,12,18.2,8.9,26,17.2,13.56,34.4,1.1
290,291,Allen Crabbe,78,26,0.564,11,7.1,15.6,1.4,9.8,5.6,12,45.5,1.5
403,404,Alonzo Gee,73,22.4,0.572,17.5,13.4,8.8,3.9,12.9,8.3,8.49,-49.1,-1.6
97,98,Amar'e Stoudemire,49,14.9,0.597,8.7,14.9,16.4,10.1,22.7,16.6,17.2,62,2.1
132,,Amir Johnson,74,22.8,0.599,18.8,13.5,13.4,10.5,19.3,14.9,15.96,112.4,3.7
318,319,Anderson Varejao,51,9.6,0.483,17.5,11,14.3,8.2,21.7,15.1,11.25,-1.8,-0.1
30,,Andre Drummond,78,33,0.503,4.4,10.1,22.7,15.5,34.3,24.5,21.58,421.7,14.1
266,267,Andre Iguodala,61,26.7,0.572,31.1,11.2,12.6,3.4,12.3,8.1,12.53,49.3,1.6
227,228,Andre Miller,37,10.9,0.632,36.5,15.6,15.9,2.9,8.7,5.8,13.63,15.9,0.5
374,375,Andre Roberson,67,22.2,0.556,12.5,9.5,9,5.8,11,8.6,9.88,-13.7,-0.5
292,293,Andrea Bargnani,46,13.8,0.5,5.2,7.5,21.4,4.9,12.5,8.6,11.97,0,0
131,132,Andrew Bogut,67,20.7,0.616,29.6,15.1,11.8,9.6,26.2,18.4,15.96,111.1,3.7
26,27,Andrew Goudelock,3,10,0.625,17.6,11.8,19.6,3.6,0,1.8,21.68,4.8,0.2
151,152,Andrew Nicholson,52,14.7,0.571,6.3,10,19,4.4,23.5,13.8,15.29,43.3,1.4
109,110,Andrew Wiggins,77,35.3,0.543,8.7,9.7,25.2,4.4,7.6,6,16.77,254.5,8.5
352,353,Anthony Bennett,19,4.4,0.446,0,11.3,17.3,8.3,22.9,15.7,10.46,0,0
453,454,Anthony Brown,29,20.7,0.427,11.3,8.9,10.4,1.6,11.4,6.3,4.96,-49.5,-1.7
9,10,Anthony Davis,61,35.5,0.559,7.4,7.7,27.2,6.4,26.2,16,25.22,443.2,14.8
353,354,Anthony Morrow,64,13.3,0.541,6.3,4.3,15.6,1.4,5.4,3.5,10.44,-0.7,0
363,364,Anthony Tolliver,68,18.5,0.537,12.7,6,11.8,3,16.1,9.3,10.22,-24.1,-0.8
354,355,Archie Goodwin,54,19.2,0.492,15.9,14.2,22.2,2.5,11.8,7,10.4,-1.5,-0.1
74,75,Aron Baynes,77,15,0.555,9.3,11.5,17.6,12.3,22.8,17.3,17.85,124.8,4.2
327,328,Arron Afflalo,67,33.7,0.531,13,7.7,17.2,1.1,11.2,6.2,11.08,19.6,0.7
326,,Austin Rivers,64,21.8,0.525,13.4,8.6,17.9,1.7,8,4.9,11.12,2.4,0.1
244,245,Avery Bradley,71,33.6,0.537,11.9,8.3,18.8,1.9,7,4.4,13.08,74,2.5
417,418,Axel Toupane,18,15.5,0.517,16,5.7,11.2,3.1,7.3,5.2,7.72,-11.6,-0.4
402,403,Ben McLemore,64,20.8,0.534,11.6,15,16.3,2.5,8.2,5.3,8.52,-39.4,-1.3
380,381,Beno Udrih,44,16.1,0.496,30.9,14.1,16.2,1.3,10,5.8,9.54,0,0
170,171,Bismack Biyombo,77,22.4,0.585,5.7,15.1,10.5,11.6,29.5,20.7,14.68,104.8,3.5
19,,Blake Griffin,32,34,0.548,17.8,8.7,28.4,5,21.7,13.4,22.48,178.5,6
4,5,Boban Marjanovic,50,8.6,0.649,7.5,10.9,21.7,18,26.4,22.3,27.73,109.7,3.7
212,213,Bobby Portis,58,17.2,0.47,9,9.2,19.7,11.4,19.5,15.5,13.87,35.3,1.2
330,331,Bojan Bogdanovic,74,26.7,0.558,10,11.5,17.8,2,11.8,6.8,10.99,14.6,0.5
192,193,Boris Diaw,75,18.2,0.583,25.1,13.7,16.8,5,14,9.7,14.19,73.1,2.4
148,149,Bradley Beal,52,31.3,0.542,14.1,9.5,23.7,2.6,9.9,6.1,15.43,119.7,4
66,67,Brandan Wright,12,17.7,0.663,7.6,12.7,14.4,7.3,16.2,11.6,18.39,21.8,0.7
424,425,Branden Dawson,3,4.7,0.333,0,0,8.6,15.8,7.7,11.7,7.32,-0.7,0
85,86,Brandon Bass,66,20.3,0.619,14.9,8.4,13.4,8.1,15.1,11.4,17.43,118.8,4
209,210,Brandon Jennings,47,18.1,0.491,30,10.1,19.8,2,10.6,6.2,13.92,37.1,1.2
161,162,Brandon Knight,52,36,0.522,18.6,12.5,25.9,2,9.9,5.9,14.86,107.8,3.6
356,357,Brandon Rush,68,15.1,0.56,16.2,8.5,11.8,2.3,15.5,9.3,10.37,-2,-0.1
219,220,Brian Roberts,49,9,0.536,21.4,8.1,19.4,1.5,8.2,4.8,13.72,17.9,0.6
404,405,Briante Weber,6,27.7,0.365,29.1,13.1,13.7,5.3,11.4,8.3,8.38,-6.5,-0.2
23,24,Brook Lopez,73,33.7,0.562,8.8,10.6,25.6,9.2,17.2,13.2,21.93,415.6,13.9
472,473,Bruno Caboclo,5,1.6,0,0,25,20.6,0,14.1,7.2,-14.03,-2.9,-0.1
469,470,Bryce Cotton,5,6.8,0.333,17.6,29.4,16.5,0,0,0,-0.6,-5.9,-0.2
378,379,Bryce Dejean-Jones,14,19.9,0.505,14.4,10.6,13.4,3.1,16.4,9.5,9.69,-3.4,-0.1
226,227,CJ Miles,61,23,0.537,7.8,8.8,21.2,1.9,11.1,6.6,13.64,65.6,2.2
414,415,CJ Watson,29,19.6,0.424,33.9,8.6,12.7,1.7,9.9,5.7,8,-25.4,-0.8
371,372,CJ Wilcox,18,4.9,0.426,13.4,3.8,21.4,0,3.6,1.8,9.95,-0.7,0
431,432,Cameron Bairstow,18,5.7,0.391,11.2,7.5,19.2,4.1,23.9,14.2,6.89,-7.1,-0.2
206,207,Cameron Payne,53,11.6,0.507,24.6,9.8,20.4,1.5,11.9,7,13.94,27,0.9
15,16,Carl Landry,36,15.8,0.605,9.3,6.4,22.2,9.1,19.1,14,22.6,94.2,3.1
40,41,Carmelo Anthony,69,35.4,0.531,15.3,9.1,28.4,4.3,19.7,12.1,20.43,362,12.1
310,311,Caron Butler,16,9.9,0.498,13.2,4.4,15.1,3.5,10.2,6.9,11.43,2.2,0.1
121,122,Chandler Parsons,61,29.5,0.589,17.3,9.7,19.4,1.8,15.6,8.7,16.3,155.8,5.2
252,253,Channing Frye,66,16.8,0.582,15.2,9.3,18.1,3.3,19.1,11.2,12.87,22.6,0.8
313,314,Charlie Villanueva,58,10.9,0.465,5.9,8.1,22.8,4,21,12.5,11.38,-1.1,0
345,346,Chase Budinger,63,14.1,0.51,16.8,11.4,14.3,4.8,12.9,8.8,10.62,1.6,0.1
160,161,Chris Andersen,23,14.7,0.61,11.1,8.9,16.8,9.5,18.1,13.6,14.89,17.1,0.6
41,42,Chris Bosh,53,33.5,0.571,11.7,7.2,23.2,3.2,21.1,12.4,20.29,233.3,7.8
448,449,Chris Copeland,24,6.5,0.462,15.5,8.4,16.6,0.7,6.6,3.7,5.5,0,0
406,407,Chris Johnson,68,12.2,0.477,15.3,12.8,13.1,3.8,14.3,9.1,8.36,-26.6,-0.9
320,321,Chris Kaman,16,7,0.496,17.4,12.6,20,6.7,16.5,11.6,11.2,1,0
408,409,Chris McCullough,19,13.4,0.421,5.3,11.7,14.4,7.4,14.4,10.8,8.28,-12.3,-0.4
6,7,Chris Paul,71,32.9,0.577,33.3,8.9,28.3,1.8,11.9,6.9,26.6,543.4,18.1
118,119,Christian Wood,16,7.8,0.493,5.1,3.4,17.7,8.5,20.7,14.4,16.34,9,0.3
466,467,Charles Hayes,2,12,0.694,25.4,38.1,10.7,0,37.1,18.4,1.66,0,0
79,80,CJ McCollum,77,34.8,0.542,16.4,9.5,26.4,1.8,8.4,5.1,17.72,289.2,9.6
464,465,Cleanthony Early,13,5.7,0.35,15.2,15.2,16.3,1.5,11.7,6.6,1.89,-9.5,-0.3
301,302,Cliff Alexander,8,4.5,0.5,0,9.1,12.2,6,12.1,9,11.72,0.1,0
69,70,Clint Capela,72,19.3,0.552,7.8,10.1,15.2,14.3,22,18.1,18.14,137.4,4.6
125,126,Cody Zeller,69,24.7,0.59,10.3,10,14.4,8.3,19.9,14,16.17,141.5,4.7
49,50,Cole Aldrich,55,12.6,0.603,13,17.8,17.5,12,25.4,18.8,19.61,93.1,3.1
358,359,Corey Brewer,77,20.7,0.485,13.4,9.5,17.2,2.7,10.6,6.6,10.3,-4.7,-0.2
251,,Cory Jefferson,8,6.3,0.446,0,0,19.2,12.8,22.2,17.4,12.89,0,0
281,,Cory Joseph,76,25.8,0.509,24.4,10,17,2.2,9.3,5.8,12.26,36.7,1.2
12,13,Coty Clarke,3,2,0.75,0,20,32.3,0,17.9,8.8,24.12,1.1,0
300,301,Courtney Lee,74,29.7,0.557,14.6,8.2,14.7,1.4,8.6,4.9,11.76,41.5,1.4
145,,Cristiano Felicio,27,8.4,0.531,23.9,9.6,12.3,9.9,24.4,17.3,15.6,13.9,0.5
184,185,D.J. Augustin,59,19.2,0.583,28.9,12.2,22.8,0.8,8.1,4.5,14.41,57.6,1.9
236,237,D'Angelo Russell,75,27.8,0.503,17.8,12.9,23.8,2.3,11.4,6.7,13.38,74,2.5
20,21,Damian Lillard,72,35.8,0.56,20.9,10,31.3,1.9,10.5,6.2,22.37,437.5,14.6
434,435,Damien Inglis,18,6.7,0.4,16.5,16.5,14.5,1.9,22.5,12.3,6.29,-7.6,-0.3
440,441,Damjan Rudez,30,8.7,0.581,12.4,14.7,12.6,2.3,5.7,4,6.14,-16.9,-0.6
57,58,Danilo Gallinari,53,34.7,0.582,12.3,7,22,3.1,14.1,8.5,19.08,235.5,7.8
349,,Danny Green,75,26.1,0.492,17.7,9.4,14,2.8,13.7,8.5,10.52,0.5,0
401,402,Dante Cunningham,75,24.1,0.54,13.1,7.7,9.9,3.4,10.9,7,8.57,-78.8,-2.6
259,260,Darrell Arthur,69,21.8,0.518,14.4,9.9,16,6.2,15.3,10.7,12.72,27.3,0.9
142,143,Darren Collison,72,29.8,0.586,23.9,9.7,19.1,1.4,6.7,4.1,15.71,150.8,5
305,306,Darrun Hilliard,37,9.7,0.526,13.8,8.8,18.5,1.5,11.4,6.2,11.6,5.9,0.2
45,46,David Lee,50,16.5,0.565,16.5,12.4,22.3,11.7,24.3,18,20.02,105.1,3.5
82,83,David West,74,17.4,0.581,20.5,10.5,17.5,6,19,12.7,17.63,118,3.9
38,39,DeAndre Jordan,74,33.9,0.629,9.4,10.9,14.1,11.5,32.8,22.3,20.74,380,12.7
449,450,DeJuan Blair,29,7.5,0.414,11,15,16.5,10.1,19.5,14.7,5.47,0,0
166,167,Delon Wright,24,6,0.498,19.9,11.7,21,4,16.4,10.3,14.72,8.1,0.3
25,26,DeMar DeRozan,75,36.2,0.552,14.5,8.1,28.5,2.6,11.5,7.1,21.75,455.4,15.2
13,14,DeMarcus Cousins,64,34.6,0.542,10.3,12,33.2,7.7,28.4,18.1,24.02,443.6,14.8
311,312,DeMarre Carroll,23,32,0.485,7.3,8.3,17.4,4.4,12.6,8.6,11.42,10,0.3
126,,Dennis Schroder,76,20.4,0.518,25.1,13.2,28.2,1.7,12,7,16.17,119.4,4
174,175,Deron Williams,62,32.3,0.528,27.3,10.8,22,1,8.8,4.9,14.62,108.3,3.6
22,23,Derrick Favors,60,32,0.552,8.6,9.1,22.6,10.1,19.7,14.9,22.04,301.8,10.1
222,223,Derrick Rose,64,31.7,0.481,19.4,10.9,26.9,2.4,8.9,5.7,13.7,81.8,2.7
91,,Derrick Williams,76,17.4,0.546,9.4,7.1,21.9,3.6,18.7,11.2,17.36,115.6,3.9
283,,Devin Booker,72,27.5,0.538,14.9,11.6,22,1.3,8.5,4.8,12.22,50.9,1.7
228,229,Devin Harris,60,19.8,0.561,20.1,10.1,17,1.6,9.9,5.8,13.62,46.6,1.6
452,453,Devyn Marble,24,7.4,0.368,11.9,7.4,13.9,3.1,13.9,8.4,5.01,-14.6,-0.5
123,124,Dewayne Dedmon,54,12.2,0.6,5.5,12.8,13.7,10.2,25.2,17.6,16.24,55.6,1.9
385,386,Dion Waiters,74,27.4,0.495,14.8,11.2,16.9,1.9,8,5.1,9.38,-34.1,-1.1
56,57,Dirk Nowitzki,70,31.5,0.554,9,5.8,23.6,2.3,20.4,11.4,19.13,250.8,8.4
211,212,Donald Sloan,56,21.4,0.54,36,11.4,17,1.4,14.1,7.7,13.88,51.5,1.7
336,337,Donatas Motiejunas,33,14.6,0.506,12,14.1,20.7,6.8,15.3,11,10.85,-4.7,-0.2
333,,Doug McDermott,77,23,0.561,6.9,6.8,16.1,2.2,8.7,5.5,10.92,11,0.4
54,55,Draymond Green,77,34.8,0.58,33.1,14.1,19.5,5.5,23.3,14.9,19.25,309.4,10.3
421,422,Drew Gooden,28,10.6,0.373,10.1,10.1,15.9,10.3,22.1,16.1,7.44,-18,-0.6
60,61,Dwight Howard,66,32.3,0.599,9.2,15.6,17.5,11.5,29,20.2,18.86,262.6,8.8
107,108,Dwight Powell,66,14.8,0.555,10,9.1,17,9.3,20.9,15.1,16.79,77.3,2.6
39,40,Dwyane Wade,69,30.5,0.518,18.1,10.7,30.7,4.4,10.8,7.7,20.67,319.6,10.7
309,310,E'Twaun Moore,59,21.4,0.548,17.8,9.5,15.5,1.6,9.3,5.5,11.44,17.6,0.6
63,64,Ed Davis,78,20.8,0.615,15.2,10.9,12.2,14.1,24.2,19.1,18.75,197.7,6.6
204,205,Elfrid Payton,68,29.3,0.478,31.8,12.1,21.3,4,9.6,6.8,13.96,88.1,2.9
433,434,Elijah Millsap,20,8.7,0.384,25.4,12,15.1,4.1,19.5,11.8,6.49,0,0
461,462,Elliot Williams,5,9,0.34,23.9,6,12.8,2.4,7.9,5.1,3.28,0,0
280,281,Elton Brand,15,13,0.472,16.3,10.2,17.5,3.3,28.8,15.6,12.26,2.2,0.1
381,,Emmanuel Mudiay,65,30.1,0.429,23.6,13.8,25.9,1.8,10.8,6.2,9.54,-42.7,-1.4
11,12,Enes Kanter,78,20.6,0.625,3.6,11.6,22,16.6,24.8,20.9,24.17,326.1,10.9
42,43,Eric Bledsoe,31,34.2,0.557,21.9,12.7,27.3,1.8,11.2,6.4,20.24,146.1,4.9
230,,Eric Gordon,45,32.9,0.565,15.1,9.1,19.3,0.7,6.9,3.7,13.59,68.3,2.3
412,413,Eric Moreland,6,5.2,0.515,0,20.5,6,3.5,20.8,12.2,8.04,-1.6,-0.1
269,270,Erick Green,9,4.7,0.468,17.8,0,7.6,8.3,8.3,8.3,12.5,0,0
182,183,Ersan Ilyasova,70,25.5,0.525,7.9,8.1,17.8,8.1,15.6,11.7,14.43,78,2.6
186,,Evan Fournier,74,32.2,0.583,15.2,9.5,19.1,1.4,8.3,4.8,14.41,139.2,4.6
213,214,Evan Turner,77,28,0.515,26.5,12.3,19,2.3,16.4,9.2,13.85,107.7,3.6
80,,Festus Ezeli,42,17.2,0.563,9.2,11,16.8,13.4,21.6,17.7,17.72,76.9,2.6
293,294,Frank Kaminsky,76,21,0.505,13.3,8.2,15.9,4.2,17,10.5,11.96,32.3,1.1
393,394,Garrett Temple,75,24.6,0.515,17.9,7.9,13.3,2,10.1,5.9,9.03,-40.5,-1.3
247,248,Gary Harris,73,32.1,0.567,13.7,9.2,15.9,2.5,7.6,5,12.95,85.4,2.8
225,226,Gary Neal,40,20.2,0.558,11.1,6.8,19.1,1.5,10.3,5.8,13.65,0,0
245,246,George Hill,70,34.3,0.549,22.1,8.7,15.6,2.5,10.4,6.5,13.05,73.3,2.4
370,371,Gerald Green,65,23.1,0.487,7.8,6.6,18.1,2,9.7,6,9.97,-12,-0.4
237,238,Gerald Henderson,70,20,0.53,10.2,8.8,19.1,2.3,13.9,8.1,13.37,59.9,2
62,63,Giannis Antetokounmpo,76,35.4,0.563,19.6,11.6,21.7,4.6,19.9,12.3,18.76,331.9,11.1
303,304,Glenn Robinson,41,11.3,0.509,11.7,8,14.9,2.6,12.7,7.6,11.65,7.9,0.3
156,,Goran Dragic,67,32.9,0.537,27.5,12.1,21.8,2.2,10.3,6.4,15.13,136,4.5
67,68,Gordon Hayward,76,36,0.558,15.5,10.5,24.8,2.5,13.2,7.8,18.32,319.6,10.7
106,107,Gorgui Dieng,78,27,0.597,14.7,14.9,15.8,8.1,22.3,15.3,16.86,196.5,6.6
24,25,Greg Monroe,76,29.6,0.559,12.8,9.2,22.2,10.8,23.6,17.3,21.83,376.6,12.6
411,412,Greg Smith,15,12,0.545,9.9,11.9,10.5,7.2,17.9,12.6,8.05,-9.3,-0.3
415,416,Greivis Vasquez,19,20.6,0.432,32.2,13.9,20,1.2,10.7,6,7.85,-18.4,-0.6
276,277,Harrison Barnes,62,30.9,0.555,13.9,6.3,14.7,4.5,12.3,8.6,12.35,52.9,1.8
8,9,Hassan Whiteside,68,29.1,0.632,3.2,14.2,18.6,12.9,32.5,23,25.55,441.7,14.7
231,232,Henry Sims,9,17.1,0.503,6.2,10.8,16.3,10.1,19.3,14.7,13.58,6.9,0.2
384,385,Hollis Thompson,73,27.9,0.534,11.1,8.8,14.9,2.6,11.8,7,9.47,-31.3,-1
116,117,Ian Mahinmi,67,25.7,0.6,14.2,13.3,14.7,8.2,22,15.1,16.47,151.1,5
302,303,Ian Clark,63,9,0.546,19.6,13.4,19,2.6,9.7,6.4,11.67,9.9,0.3
396,397,Iman Shumpert,53,24.2,0.477,19.5,11.8,13.1,2.8,14.7,8.8,8.74,-33.7,-1.1
323,324,Isaiah Canaan,77,25.5,0.528,13.3,8.8,18.7,1.1,8.8,4.8,11.15,4.4,0.1
28,29,Isaiah Thomas,77,32.5,0.562,21.8,9.2,29.4,1.8,7.9,4.8,21.6,395.4,13.2
163,164,Ish Smith,73,28.6,0.458,29.3,9.9,22.1,2,13.1,7.4,14.84,119.7,4
147,148,Jose Juan Barea,71,22.5,0.537,25.9,9.6,23.5,1.7,8,4.8,15.44,105.6,3.5
468,469,J.J. O'Brien,2,3,0,0,0,7,0,19.4,9.8,1.33,0,0
87,,JJ Redick,72,28.2,0.629,9.2,6.8,20.6,0.5,6.6,3.6,17.43,209.9,7
273,,J.R. Smith,74,30.7,0.54,12,5.5,17.2,2.1,8.3,5.2,12.42,65,2.2
159,160,Jabari Parker,72,31.8,0.538,10.9,9.3,19.3,5.9,12.7,9.3,15.03,120.3,4
124,125,Jae Crowder,68,31.9,0.57,12.1,7.5,17.7,3.1,14.3,8.6,16.22,185,6.2
96,,Jahlil Okafor,53,30,0.536,6.2,11.8,24.9,8.1,17.7,12.8,17.23,157.3,5.2
410,411,JaKarr Sampson,70,15.9,0.502,9.7,14.8,12.9,4.1,14.3,9.1,8.06,-40.5,-1.4
221,,Jamal Crawford,77,26.6,0.525,13.6,8.4,23.1,1,6.4,3.7,13.71,98.3,3.3
379,380,Jameer Nelson,39,26.6,0.464,32.8,11.4,17.4,2,10.5,6.2,9.55,-22.4,-0.7
447,448,James Anderson,47,12.9,0.469,14.6,14.1,12.1,2,10.6,6.4,5.62,-44.1,-1.5
139,,James Ennis,17,9.4,0.528,16.8,9.6,18.9,0,0,0,15.85,12.8,0.4
10,,James Harden,77,38.1,0.595,20.7,12.8,32.1,2.2,16.1,9.1,25.22,644.5,21.5
307,308,James Johnson,56,16,0.532,17,13.8,15.3,3.6,11.7,7.7,11.5,0,0
284,285,James Jones,45,9.4,0.587,7.9,6.1,15.2,1.9,10.1,6,12.15,10.4,0.3
120,121,James Michael McAdoo,40,6.5,0.565,12.4,11.7,18.6,13.2,11.1,12.1,16.31,22.5,0.7
457,458,James Young,27,7.3,0.384,17.4,9.7,9.1,2.1,12,7,3.69,-19.9,-0.7
173,,JaMychal Green,74,18.5,0.526,9.3,11.9,18.5,10.2,19.3,14.6,14.63,63.8,2.1
444,445,Jared Cunningham,44,9.3,0.464,11.8,12.3,15.8,0.8,9.6,5.2,5.95,-27.8,-0.9
314,315,Jared Dudley,76,26.1,0.598,21.3,10.3,12.3,2.8,12.3,7.4,11.31,24.1,0.8
102,103,Jared Sullinger,76,24,0.478,15.8,9,21.1,10.9,27.3,19,17,174.3,5.8
339,,Jarell Eddie,22,4.5,0.492,4.2,2.1,18.3,1.1,15.1,7.9,10.8,0.4,0
201,202,Jarell Martin,23,13.6,0.515,8.9,10.2,18.1,11.7,15.6,13.6,14.01,11.7,0.4
44,45,Jarnell Stokes,7,2.6,0.595,14.5,0,18.2,6.4,18.6,12.6,20.03,0,0
175,176,Jarrett Jack,32,32.1,0.505,32,12.8,22.8,1,14.1,7.5,14.59,55,1.8
179,,Jason Smith,71,15.4,0.523,9.5,9.3,20.6,4.6,15.2,9.8,14.54,49.6,1.7
364,365,Jason Terry,67,17.3,0.546,18.6,9.4,14.5,1.2,5.8,3.5,10.21,-5.1,-0.2
199,200,Jason Thompson,42,9.3,0.567,18,9.7,14.9,7.6,22.8,15.5,14.07,15,0.5
43,44,JaVale McGee,33,11.2,0.578,1.7,12.2,18.8,15.8,23.5,19.6,20.17,52.6,1.8
89,90,Jeff Ayres,12,4.7,0.929,17.9,17.9,10.5,7.9,15.4,11.7,17.37,4.9,0.2
246,247,Jeff Green,75,28.4,0.515,11.9,8.3,17.8,3.6,13.3,8.3,13.01,79.9,2.7
78,79,Jeff Teague,75,28.5,0.542,25.9,11.8,26.2,1.7,8.7,5.3,17.73,214.6,7.2
72,73,Jeff Withey,48,12.9,0.577,8.5,12.1,14.3,10.3,20.1,15.2,17.87,67.2,2.2
264,265,Jerami Grant,73,26.5,0.504,13.7,11.4,16.8,5.1,14.5,9.7,12.57,59.8,2
262,263,Jeremy Evans,30,8.4,0.62,3,10.6,10.5,4.8,18.8,11.8,12.63,8,0.3
133,134,Jeremy Lamb,63,18.7,0.526,11.5,7.2,20.6,3.9,18.7,11.2,15.94,95.7,3.2
207,,Jeremy Lin,73,26.1,0.536,18.7,12,21.4,2.1,11.3,6.6,13.94,83.6,2.8
360,361,Jerian Grant,72,15.8,0.459,25.6,12.1,18.8,2,10.1,6.1,10.25,-12.7,-0.4
270,271,Jerryd Bayless,52,28.9,0.568,22.9,10.2,16.3,1.6,9.1,5.4,12.49,33.5,1.1
286,287,Jimmer Fredette,6,3,0.625,9.8,19.6,16.3,0,0,0,12.1,0,0
33,34,Jimmy Butler,63,37.1,0.561,18.2,7.5,23.7,3.3,11.7,7.6,21.22,374.3,12.5
99,100,JJ Hickson,31,12.5,0.525,9.2,10.1,20.5,8.8,23.5,16,17.1,37.4,1.2
196,197,Joakim Noah,29,21.9,0.406,34.9,16.5,15.2,14.6,27.2,21,14.09,33.1,1.1
471,472,Jodie Meeks,2,8.5,0.2,0,16.7,14.2,6.2,6.7,6.4,-6.55,-4.3,-0.1
460,461,Joe Harris,5,3,0.375,28.6,14.3,15.5,0,22.4,11.3,3.41,0,0
368,369,Joe Ingles,77,15.2,0.565,21,14.5,13.3,1.9,12.7,7.3,10.03,-8.2,-0.3
296,297,Joe Johnson,76,33.5,0.533,23.3,11.4,17.2,2.1,10.4,6.2,11.79,48.8,1.6
337,338,Joe Young,37,9.2,0.449,22.8,12,23.7,1.9,12.3,7.2,10.82,-0.9,0
372,373,Joel Anthony,18,3.9,0.571,7.9,15.8,6.9,10.5,16.2,13.2,9.93,-0.7,0
127,128,Joffrey Lauvergne,57,17.6,0.572,10.6,9.8,18.2,8.3,23,15.5,16.13,82.8,2.8
55,56,John Henson,53,16.6,0.593,12.3,13.8,17.5,10.4,15.5,13,19.23,101.6,3.4
343,344,John Jenkins,39,10.6,0.526,13,11.5,18.5,2.1,12.1,7,10.65,0.9,0
46,47,John Wall,77,36.2,0.51,30.3,12.2,29.2,1.7,13.9,7.6,19.92,370.5,12.4
427,428,Johnny O'Bryant,63,12.8,0.428,11.8,10.7,12.6,8.9,13.9,11.4,7.13,-52.7,-1.8
136,,Jon Leuer,63,18.7,0.555,11.1,11.4,18.8,6,25.5,15.5,15.88,76.9,2.6
346,347,Jonas Jerebko,73,14.8,0.535,14.1,11.4,13.1,6.8,19.1,12.9,10.55,-15.4,-0.5
16,17,Jonas Valanciunas,56,26.2,0.612,5.7,11.2,18.9,13.7,26.4,20.2,22.59,263,8.8
306,307,Jonathon Simmons,52,14.3,0.582,15.6,13.7,17.7,2.2,10.4,6.5,11.57,11.9,0.4
92,93,Jordan Adams,2,7.5,0.427,22.7,15.2,30.6,0,15.8,7.6,17.34,1.5,0.1
187,188,Jordan Clarkson,74,32.2,0.513,12.8,8.8,21.8,3.8,9.6,6.6,14.37,119.9,4
150,151,Jordan Farmar,8,24.9,0.55,23.8,9.7,19.7,0.6,7.2,3.7,15.31,12.8,0.4
203,204,Jordan Hamilton,6,27.8,0.493,17.6,9.9,19.1,5.8,20.5,12.9,13.98,8.7,0.3
113,114,Jordan Hill,71,20.8,0.539,10.9,11.9,19.1,11.3,21,16.2,16.65,133.2,4.4
248,249,Jordan McRae,19,7.2,0.557,19.8,12.4,21.5,1.6,9,5.3,12.94,4.9,0.2
71,72,Jordan Mickey,15,3.6,0.43,3.8,3.8,18.5,11.6,13.9,12.7,18.03,5.3,0.2
32,,Jorge Gutierrez,8,4.9,0.866,45.7,20.8,17.2,0,8.5,4.2,21.36,6,0.2
275,276,Jose Calderon,72,28.1,0.571,34.6,10.1,13.4,1.2,11,6.2,12.36,40.9,1.4
256,257,Josh Huestis,2,10.5,0.82,0,17,11.1,5.5,0,2.6,12.75,0.7,0
366,367,Josh McRoberts,40,14,0.468,29.3,11.3,15.1,4.2,15.1,9.8,10.1,-11.7,-0.4
291,292,Josh Richardson,47,20.1,0.588,17.5,9.1,13.5,1.7,8.5,5.2,11.99,21.1,0.7
359,360,Josh Smith,51,15.7,0.424,15.6,13.9,22.7,7,17.8,12.4,10.27,-4,-0.1
48,49,Jrue Holiday,65,28.2,0.529,24.6,10.5,28.8,1.6,10.5,5.9,19.84,241.7,8.1
190,191,Julius Randle,76,28.1,0.486,11,11.8,20.4,7.9,32,19.5,14.26,88.2,2.9
287,288,Justin Anderson,50,10.4,0.511,10.2,9.2,15,3,19.2,11.1,12.08,12.3,0.4
429,430,Justin Harper,5,7,0.597,0,15.5,14.8,0,3.2,1.6,7.01,0,0
426,427,Justin Holiday,49,13.4,0.447,14.8,12.3,14.1,1.8,10.8,6.4,7.18,-32.5,-1.1
407,408,Justise Winslow,74,28.9,0.491,16.6,13.2,11.9,4.1,15.7,10.1,8.34,-68.8,-2.3
108,109,Jusuf Nurkic,29,15.6,0.471,10.7,13.9,26,13,23.3,18.1,16.78,41.7,1.4
387,388,KJ McDaniels,32,6.2,0.497,8.3,14.5,18,7.7,12.3,10,9.25,-3.7,-0.1
17,18,Karl-Anthony Towns,78,32.1,0.59,9.9,11.6,23,10.3,27.5,19,22.55,446.3,14.9
7,8,Kawhi Leonard,69,32.9,0.62,12,6.9,24,4.6,18.7,11.9,26.23,532.3,17.7
470,471,Keith Appling,5,5.4,0.338,7.8,23.3,18.1,0,4.2,2.1,-4.83,0,0
140,141,Kelly Olynyk,64,20.3,0.555,12.9,9.8,20.1,5.5,15.7,10.6,15.8,100.9,3.4
399,400,Kelly Oubre,59,9.8,0.51,4.9,12.4,15.8,4.5,18.4,11.3,8.62,-16.3,-0.5
37,38,Kemba Walker,76,36,0.552,19.7,8.1,25.6,2.2,11.5,6.8,20.8,399.8,13.3
439,440,Kendall Marshall,27,12.6,0.441,30.4,19.2,19.5,0.3,6.6,3.4,6.18,-24.5,-0.8
422,423,Kendrick Perkins,32,14.2,0.595,20.6,24.7,9.2,4.7,22.1,13.1,7.4,-21.7,-0.7
34,35,Kenneth Faried,66,25.4,0.578,9,10.1,19.7,15,23.2,19,21.04,238.4,7.9
243,244,Kent Bazemore,72,27.9,0.547,15.6,12.1,18.4,1.6,17.7,9.8,13.2,80.9,2.7
279,280,Kentavious Caldwell-Pope,73,36.7,0.518,10.9,8,17.5,2.6,8.7,5.5,12.32,72.9,2.4
2,3,Kevin Durant,70,35.9,0.634,16.3,11.4,30,2,22,12.6,28.24,664.7,22.2
277,278,Kevin Garnett,38,14.6,0.491,30.7,7.9,11.7,3.2,27.9,15.7,12.34,7,0.2
58,59,Kevin Love,74,31.6,0.552,13.1,9.9,22.2,7.1,28,17.6,19.03,263,8.8
308,309,Kevin Martin,50,19.9,0.516,9.7,8.4,21.9,1.4,9.5,5.5,11.47,14.4,0.5
342,343,Kevin Seraphin,46,11.2,0.435,15.4,14.4,21.4,6.7,18.7,12.8,10.77,1.3,0
65,66,Kevon Looney,5,4.2,0.643,0,12.5,14.7,21.7,29.2,25.7,18.7,2.6,0.1
110,111,Khris Middleton,76,36.4,0.559,18.2,9.8,22.2,1.8,10.2,6,16.76,258.6,8.6
423,424,Kirk Hinrich,43,14.4,0.507,30.4,12.7,10.9,1.4,10.2,5.9,7.35,-29.1,-1
61,62,Klay Thompson,76,33.3,0.599,9,7.8,24.5,1.4,10.5,6.2,18.83,314.9,10.5
194,,Kobe Bryant,61,28.3,0.463,12.5,8.4,29.7,2.5,12.5,7.3,14.15,94,3.1
158,159,Kosta Koufos,74,18.6,0.545,5.2,8.7,14,12.4,18.3,15.4,15.07,91.8,3.1
442,443,Kostas Papanikolaou,26,11.3,0.464,14.7,19.2,13.4,3,12.3,7.6,6.05,0,0
240,241,Kris Humphries,49,16.3,0.521,8.7,9.5,19.1,0,0,0,13.25,20.9,0.7
75,76,Kristaps Porzingis,72,28.4,0.518,7.8,10,22.9,7.1,20.8,14,17.84,193.8,6.5
249,250,Kyle Anderson,73,15.4,0.535,24.2,12.2,14.3,2.4,17.7,10.4,12.92,40.6,1.4
365,366,Kyle Korver,76,30,0.58,18.2,10.5,13.2,0.7,11,6,10.17,-11.2,-0.4
18,19,Kyle Lowry,74,37.3,0.582,23.1,10.7,26.1,2.2,12.4,7.4,22.48,472.9,15.8
83,84,Kyle O'Quinn,61,11.4,0.531,16.9,14.6,20.4,10.4,23.8,17.2,17.62,63.6,2.1
436,437,Kyle Singler,64,14.3,0.464,7.9,10.4,11.4,6.1,9.4,7.8,6.26,-57.9,-1.9
47,48,Kyrie Irving,50,31.2,0.54,18.7,8.9,28.6,2.9,7.7,5.3,19.88,206.5,6.9
451,452,Lamar Patterson,35,11.3,0.468,25.7,15.2,12.6,1.1,12.4,6.9,5.12,-31.7,-1.1
14,15,LaMarcus Aldridge,71,30.7,0.567,8,7.1,23.8,9.2,22.4,16.1,22.64,362.4,12.1
235,236,Lance Stephenson,65,19.2,0.547,17.8,12.9,14.5,3.3,15.6,9.4,13.42,54.5,1.8
351,352,Lance Thomas,59,22.3,0.557,9.7,10.5,15.9,2.9,8,5.4,10.48,-0.4,0
294,295,Langston Galloway,78,24.6,0.499,22.6,6.8,15.4,2.3,13.3,7.9,11.94,41.3,1.4
241,,Larry Nance Jr.,58,20.1,0.537,10.6,9.8,12.1,8.6,18.6,13.4,13.25,30.4,1
289,290,Lavoy Allen,74,20.3,0.521,14.3,12.9,12.2,11,17.8,14.4,12.05,12.3,0.4
271,272,Leandro Barbosa,65,15.9,0.552,15.7,9.5,17.2,2.9,8.3,5.7,12.45,30.1,1
5,6,LeBron James,74,35.6,0.581,21.6,10.3,31.2,4.6,18.9,11.8,27.27,660.2,22
454,455,Lorenzo Brown,8,7.6,0.374,23.5,19.2,25.2,0,12.7,6.2,4.53,-5.9,-0.2
405,,Lou Amundson,27,7.1,0.417,14.5,13.3,15.9,12,14,13,8.38,-9,-0.3
76,77,Lou Williams,67,28.5,0.584,14.5,9.3,21.9,1.7,8.1,4.8,17.82,208.5,6.9
425,426,Luc Mbah a Moute,70,16.9,0.498,9.7,11.9,8.8,5.5,9.7,7.6,7.25,-75.1,-2.5
111,112,Lucas Nogueira,25,6.6,0.667,5.9,15.8,12.2,10.6,12.4,11.5,16.72,15,0.5
467,468,Luis Montero,10,3.3,0.394,4.6,13.8,25.5,0,9.9,4.9,1.49,-4.4,-0.1
214,,Luis Scola,74,21.7,0.524,8.7,8.7,18.1,6.1,18.9,12.6,13.85,56.1,1.9
322,323,Luke Babbitt,43,16.7,0.527,12.3,6,16,3,16.4,9.4,11.16,7.1,0.2
155,156,Luol Deng,69,32.1,0.546,13.1,7.3,16.4,5.3,15.3,10.5,15.13,153.3,5.1
68,69,Manu Ginobili,56,19.5,0.576,23.4,12.9,23.3,2.7,12,7.5,18.17,125.2,4.2
77,78,Marc Gasol,52,34.4,0.528,17.4,10.5,22.9,3.6,20.2,11.6,17.77,191.8,6.4
328,329,Marcelo Huertas,48,15.3,0.505,35.9,16.2,17.9,2.3,9.3,5.6,11.01,0.2,0
59,60,Marcin Gortat,71,30.3,0.587,9.5,11.1,17.4,10.9,26.3,18.4,18.94,267.6,8.9
382,383,Marco Belinelli,68,24.6,0.5,14.1,8.9,18.8,0.7,6.9,3.8,9.52,-24.6,-0.8
253,254,Marcus Morris,77,35.7,0.532,14.3,9.7,17.9,3.2,12.5,7.6,12.84,55,1.8
315,316,Marcus Smart,56,27.1,0.459,20.8,9.3,17.6,4.8,12,8.3,11.29,6.6,0.2
177,178,Marcus Thornton,58,17.6,0.509,11.6,7,23.2,3.6,10.7,7.1,14.55,61.7,2.1
90,91,Mario Chalmers,61,22.5,0.561,25.6,12.2,18.1,1.9,11.4,6.5,17.36,0,0
395,396,Mario Hezonja,74,17,0.533,15.7,15.7,16.5,2.3,11.7,7,8.8,-31.9,-1.1
329,330,Markel Brown,57,14.8,0.509,18,10.7,18,2.4,10.6,6.4,11,6.3,0.2
282,283,Markieff Morris,61,25.3,0.487,12.2,13.3,25.1,4.8,19.5,12,12.22,16.6,0.6
112,113,Marreese Speights,68,11.6,0.504,10,10.6,27.4,10.5,19.5,15.3,16.67,71.6,2.4
114,115,Marvin Williams,76,29.3,0.582,11.2,6.4,15.4,5.8,19.1,12.4,16.61,169.8,5.7
103,104,Mason Plumlee,79,25.3,0.558,21.5,14.8,17.2,10.6,21.9,16.2,16.98,190.2,6.3
298,299,Matt Barnes,72,28.5,0.506,15.4,11.7,17.2,4.2,17.9,10.8,11.77,38.9,1.3
137,138,Matt Bonner,27,6.1,0.677,13.4,5,13.5,2.2,13.3,8,15.87,13,0.4
316,317,Matthew Dellavedova,72,24.9,0.531,34.1,12,16.9,1.8,7.7,4.8,11.28,7.5,0.3
234,235,Maurice Harkless,75,18.4,0.548,11.3,10.8,14.9,7.4,13.9,10.6,13.47,61.2,2
409,410,Metta World Peace,32,16.7,0.425,11.6,6.7,15.5,3.5,13.4,8.3,8.19,-18.5,-0.6
312,313,Meyers Leonard,61,21.9,0.561,14.7,12.3,16.9,4.1,21.5,12.8,11.4,-2,-0.1
21,22,Michael Beasley,15,19.8,0.555,5,8.6,28.1,8.8,22.1,15.4,22.3,52.3,1.7
200,201,Michael Carter-Williams,54,30.5,0.497,26.5,14.4,21.6,3.3,15.7,9.6,14.06,75.2,2.5
101,102,Michael Kidd-Gilchrist,7,29.3,0.603,9.9,8.8,16.6,6.3,17.8,12,17.03,20,0.7
51,52,Mike Conley,56,31.4,0.538,28,6.9,23.2,1.6,9.3,5.3,19.49,223.1,7.4
394,395,Mike Dunleavy,28,22.7,0.542,14.8,10.4,14.1,1.3,10.8,6.2,8.85,-15.6,-0.5
443,444,Mike Miller,45,7.6,0.519,34,16,9.6,1.9,13.6,7.6,6.04,-22.8,-0.8
229,230,Mike Muscala,56,9.6,0.581,14.7,12.4,14.4,7.3,14.9,11.2,13.59,16.8,0.6
217,218,Mike Scott,71,15.3,0.567,14.7,8.3,16.5,4.9,14.3,9.7,13.82,37.6,1.3
98,99,Miles Plumlee,57,13.7,0.608,4.6,13.5,14.2,12.9,16.9,14.9,17.15,76.3,2.5
138,139,Mirza Teletovic,75,20.8,0.567,8.7,7.9,21.6,3.3,16.4,9.7,15.85,101.5,3.4
420,421,Mitch McGary,20,3.6,0.474,8,18.7,19.4,6.4,20.1,13.6,7.51,-4.3,-0.1
261,262,Mo Williams,40,18.6,0.533,20.8,12.1,22.4,0.9,9.8,5.4,12.68,18.6,0.6
220,221,Monta Ellis,77,34.1,0.503,22.3,12.1,21,1.6,9.1,5.4,13.71,126,4.2
165,,Montrezl Harrell,38,9.8,0.646,12.2,12.2,13.5,7.4,11.7,9.5,14.79,18.2,0.6
149,150,Myles Turner,55,23.1,0.525,5.7,9.1,19,5.5,20.6,13.1,15.36,73.3,2.4
462,463,Nate Robinson,2,11.5,0,80,0,4,0,0,0,2.62,0,0
441,442,Nazr Mohammed,5,3.8,0.68,0,33.8,18.4,6.1,16.3,11.5,6.09,-1.3,0
376,377,Nemanja Bjelica,56,17.3,0.559,21,11.9,12.3,5,16.3,10.7,9.79,-24.8,-0.8
134,135,Nene,53,19.1,0.558,14.8,11.9,19.9,4.6,21.9,13,15.89,79.9,2.7
128,129,Nerlens Noel,63,28.9,0.545,12.6,17.1,17.7,8.3,22.2,15,16.1,125,4.2
419,420,Nick Collison,56,11.6,0.489,21,22,10.7,11.6,15.5,13.7,7.54,-38.2,-1.3
389,390,Nick Young,54,19.1,0.483,7.2,6.4,17.3,1.4,9,5.1,9.17,-20.5,-0.7
141,142,Nicolas Batum,67,35.4,0.547,25.6,13,21.2,2.4,16.9,9.5,15.79,187.1,6.2
388,,Nik Stauskas,70,24.3,0.521,16.8,11.8,15.8,1.3,10,5.5,9.25,-31.8,-1.1
31,32,Nikola Jokic,77,21.2,0.577,19,10.9,19.9,11.3,24.4,17.8,21.36,261.6,8.7
154,155,Nikola Mirotic,62,24.6,0.559,11.2,11.5,19.8,3.8,19.5,11.8,15.17,83.7,2.8
432,433,Nikola Pekovic,12,13,0.459,14,11.4,18.4,5.3,10.3,7.8,6.56,-9.4,-0.3
35,36,Nikola Vucevic,61,31.5,0.528,12.9,8.9,25.3,9.5,22,15.7,20.98,298,9.9
398,399,Noah Vonleh,75,15.1,0.473,7.9,13.1,12.2,8.4,19.7,14.1,8.66,-48,-1.6
321,322,Norman Powell,44,12.7,0.495,14.1,10.4,16.7,3.1,14.6,9,11.19,5.8,0.2
332,333,Norris Cole,45,26.6,0.465,22.1,9.9,21.3,0.9,13.4,7,10.92,-1.5,-0.1
416,417,O.J. Mayo,41,26.6,0.474,22.3,13.6,16.8,1.4,9.6,5.5,7.77,-44.4,-1.5
347,348,Omer Asik,63,17.1,0.535,8,18,10.1,11,28.8,19.6,10.54,-1,0
202,203,Omri Casspi,69,27.2,0.587,10.8,10.7,16.7,3.4,20.1,11.8,14,98.1,3.3
458,459,Orlando Johnson,7,14.4,0.346,4.6,9.2,15.8,4.2,12.3,8.1,3.62,-10.4,-0.3
178,179,Otto Porter,70,30.8,0.561,12.6,7.4,15.3,4.7,14.8,9.7,14.54,129.9,4.3
430,431,PJ Hairston,62,20.2,0.473,7.6,8,17.7,2.2,12.5,7.2,7,-65.4,-2.2
357,358,PJ Tucker,78,30.9,0.497,18.7,12.1,12.2,6.7,14.9,10.7,10.32,-6.5,-0.2
362,,Pablo Prigioni,54,12.8,0.495,40.4,15,11,5.1,9.5,7.4,10.25,-7.7,-0.3
450,451,Pat Connaughton,32,3.6,0.365,14.2,14.2,19.9,7.5,15.1,11.3,5.25,-9,-0.3
265,266,Patrick Beverley,66,28.5,0.548,23.4,9.7,15.4,3.9,9.4,6.6,12.56,43.8,1.5
341,342,Patrick Patterson,75,25.6,0.538,13.6,9.5,12.4,4.5,14.9,9.8,10.78,-20.7,-0.7
152,153,Patty Mills,76,20.6,0.552,23.9,8,19.3,2,8.8,5.5,15.19,97.9,3.3
27,28,Pau Gasol,70,31.9,0.526,18.8,10.3,24.2,7.1,28.5,18,21.64,368.2,12.3
36,37,Paul George,77,35.2,0.554,14.3,11.6,29,3.1,18.7,10.9,20.89,420,14
29,30,Paul Millsap,77,32.6,0.56,15.9,11,22.7,8.2,21.2,14.9,21.58,377.4,12.6
413,,Paul Pierce,64,17.8,0.48,13.4,10.1,16.3,1.2,15.6,8.5,8.04,-41.7,-1.4
344,345,Phil Pressey,23,12.3,0.433,38.1,16.8,22.4,1.1,11.1,6,10.64,-1.5,-0.1
183,,Quincy Acy,55,14.2,0.641,9.2,8.4,11.5,8.1,14.7,11.4,14.43,45.8,1.5
438,439,RJ Hunter,32,9.1,0.442,10.6,8.8,14.1,0.7,11.5,6,6.2,-18.6,-0.6
104,105,Rajon Rondo,72,35.2,0.506,42.7,14.1,21.3,3.3,15.2,9.3,16.96,225.8,7.5
153,,Ramon Sessions,77,19.6,0.557,20.3,10.7,21.1,1.7,12.4,7,15.19,94.2,3.1
418,419,Randy Foye,77,20.2,0.461,21.6,11.1,16.8,1.6,9,5.3,7.67,-65.7,-2.2
455,456,Rashad Vaughn,66,13.2,0.398,11.8,8.7,12.4,1.3,9,5.2,4.18,-82.5,-2.7
233,234,Rasual Butler,46,9.4,0.558,16.8,5.6,12,0.8,13.5,7.4,13.48,0,0
369,370,Raul Neto,77,18.8,0.531,23.3,15.3,17.2,1.4,7.9,4.7,10.02,-21.2,-0.7
391,392,Ray McCallum,41,11.6,0.449,25.4,10.1,14.9,1.9,9.3,5.7,9.15,-13.1,-0.4
299,,Raymond Felton,75,27.3,0.503,24.5,10.3,17.6,1.8,11,6.4,11.77,23.5,0.8
331,332,Reggie Bullock,33,10,0.563,14.6,5.8,11.3,3.8,13.4,8.4,10.96,2.3,0.1
53,54,Reggie Jackson,77,30.6,0.53,23.5,10.5,29.4,2.5,9.1,5.7,19.27,291.1,9.7
375,376,Richard Jefferson,70,17.5,0.592,13.4,9.5,12.8,1.2,9.3,5.3,9.8,-12.8,-0.4
130,131,Richaun Holmes,51,13.8,0.564,10.3,10,16.6,9.3,11.7,10.5,15.99,47,1.6
73,74,Ricky Rubio,72,30.9,0.531,41.4,12,19.8,2.1,14.1,8.2,17.86,227.7,7.6
263,,Robert Covington,63,27.8,0.533,9.5,14.4,19.5,3.6,21.2,12.1,12.63,55.8,1.9
373,,Robert Sacre,22,12.5,0.486,13.4,10.3,12.9,9.1,12.6,10.8,9.93,-2.7,-0.1
84,85,Robin Lopez,78,27,0.578,11.6,13.7,16.4,13.2,16.2,14.7,17.58,219.3,7.3
169,170,Rodney Hood,75,32.1,0.552,15.2,9.1,20.9,1.7,10.4,6.1,14.69,150.6,5
272,273,Rodney Stuckey,53,22.2,0.505,19,10.4,19.5,1.6,11.4,6.5,12.42,24.9,0.8
224,225,Rondae Hollis-Jefferson,25,20.8,0.518,19.2,13.3,12.7,7.7,22,14.7,13.66,24.6,0.8
377,378,Ronnie Price,58,19.1,0.522,26.5,12.9,14.2,2.1,6.8,4.4,9.71,-21.4,-0.7
304,305,Roy Hibbert,76,23.4,0.514,14.9,11.7,12.5,7.3,15.8,11.4,11.61,26.7,0.9
146,147,Rudy Gay,67,33.9,0.541,8.7,9.9,20.8,4.7,15.7,10.2,15.45,168,5.6
93,94,Rudy Gobert,58,32,0.579,13.2,17,13.6,12.4,27.9,20.2,17.29,185.6,6.2
350,351,Russ Smith,15,4.4,0.415,24.1,15.3,23.9,1.7,14.4,7.8,10.51,0,0
3,4,Russell Westbrook,78,34.5,0.554,28.9,11.8,33.2,6.2,17.9,12.4,27.84,675.8,22.5
88,89,Ryan Anderson,66,30.4,0.546,6.1,7.5,22.6,7,15.1,10.9,17.39,176.5,5.9
278,279,Ryan Hollins,37,12.4,0.636,7.6,18.3,8.1,11.3,13.1,12.2,12.33,11.9,0.4
335,336,Ryan Kelly,31,13.5,0.451,10.2,8.7,17.4,4.5,25.1,14.4,10.89,-3.8,-0.1
86,,Salah Mejri,29,11.3,0.635,6.4,18.4,12.9,12.4,23.1,17.7,17.43,33.3,1.1
340,341,Sam Dekker,3,2,0,0,0,0,0,18.5,9.2,10.79,0,0
197,,Sasha Kaun,22,3,0.64,12.1,28.2,14.2,17.3,13.6,15.4,14.09,3.4,0.1
367,368,Sasha Vujacic,57,13.9,0.48,19.2,11.1,16.6,3.5,14,8.8,10.07,-5.1,-0.2
164,165,Sean Kilpatrick,26,18.2,0.586,6.8,9.8,14.4,2.3,7.5,4.9,14.79,30.3,1
193,194,Serge Ibaka,76,32.2,0.537,6.1,9.9,16.6,6.5,16.2,11.6,14.15,96.8,3.2
400,401,Sergey Karasev,39,9.9,0.561,24.8,15.3,12,2,14.2,8,8.6,-11,-0.4
198,199,Seth Curry,40,13.9,0.621,16.1,10,16.1,1.4,7.9,4.7,14.08,29.7,1
172,173,Shabazz Muhammad,78,20.5,0.543,5.5,8,20.4,7.1,11.8,9.5,14.63,98.8,3.3
383,384,Shabazz Napier,53,11,0.456,27,12.9,20,1.7,8.8,5.2,9.49,-13.2,-0.4
242,243,Shane Larkin,73,21.9,0.514,32.7,14.1,18.5,1.5,9.7,5.6,13.23,53.3,1.8
216,217,Shaun Livingston,74,19.5,0.582,31.3,10.7,14.6,3.3,8.4,6,13.83,60.8,2
338,339,Shayne Whittington,5,2.6,0.5,25,25,20.3,8.4,16.7,12.5,10.8,-0.1,0
208,209,Shelvin Mack,48,19.2,0.501,26.4,13.4,28,1.4,13.1,7.3,13.93,40.2,1.3
348,349,Solomon Hill,54,13.1,0.5,19.2,9.6,11.7,5.4,14.5,10,10.52,0.2,0
456,457,Sonny Weems,43,11.6,0.459,23.7,19.8,13.3,1.5,10.3,5.8,3.8,0,0
428,429,Spencer Dinwiddie,10,11.5,0.441,21.1,10.5,20,0.9,8.9,4.7,7.11,-6.7,-0.2
288,289,Spencer Hawes,52,18.5,0.499,21.7,11.6,16.6,5.2,20.9,13,12.06,8,0.3
397,398,Stanley Johnson,71,23.1,0.462,13.5,13.1,18.9,3.5,16.5,9.7,8.7,-44.2,-1.5
1,2,Stephen Curry,75,34.2,0.669,20.5,10.3,31.5,3,13.6,8.6,31.45,782.7,26.1
390,391,Steve Blake,54,16.7,0.498,37.6,15.5,16,1,9.2,5,9.16,-24.8,-0.8
181,182,Steve Novak,10,4.4,0.651,0,5.1,13.1,0,12.2,6.3,14.46,2.6,0.1
157,158,Steven Adams,76,25.1,0.618,9.4,13,12,11.9,15.9,14,15.08,127.3,4.2
171,172,TJ McConnell,77,19.8,0.513,36.6,14,18.1,2.9,14.6,8.6,14.65,82.9,2.8
135,136,TJ Warren,47,22.8,0.549,8.1,5.9,18.8,5.7,9.3,7.5,15.88,86,2.9
143,,Taj Gibson,73,26.5,0.556,14.2,10.4,14,11.4,15.8,13.6,15.71,121.5,4.1
295,296,Tarik Black,34,12,0.513,10.4,13.4,12.2,8.9,26.2,17.2,11.9,7.9,0.3
437,438,Tayshaun Prince,74,19,0.46,20.8,7.8,7.9,2.6,9.1,5.9,6.23,-89.7,-3
223,224,Terrence Jones,49,21.2,0.519,8.1,9.5,18,6.4,15.9,11.1,13.69,34,1.1
274,275,Terrence Ross,68,24,0.547,7.2,6.3,16.4,1.3,10.2,5.8,12.39,45.9,1.5
446,447,Terry Rozier,35,8,0.325,24.3,11.1,17.7,8.6,13.8,11.1,5.66,-22.3,-0.7
250,251,Thabo Sefolosha,71,23.4,0.589,17.8,11.5,11.8,3.4,17.3,10.5,12.89,59.3,2
81,82,Thaddeus Young,73,33,0.533,10.4,10.4,20.4,8.1,23,15.5,17.68,222.2,7.4
0,1,Thanasis Antetokounmpo,2,3,0.75,0,0,27.3,0,18,9.1,33.15,2,0.1
210,211,Thomas Robinson,68,12.4,0.444,10.3,16,18.1,15.4,28.8,22,13.91,30.4,1
215,,Tiago Splitter,36,16.1,0.571,13,10.4,14.3,8.7,13.8,11.3,13.85,28,0.9
459,460,Tibor Pleiss,12,6.8,0.464,5.6,22.3,17.7,8.6,12.8,10.7,3.57,-8.6,-0.3
95,96,Tim Duncan,58,25,0.528,22.4,12.1,16.9,8.8,24.3,16.9,17.23,143.3,4.8
238,239,Tim Frazier,46,12.6,0.525,31.5,14.8,22,3.9,12.1,7.9,13.33,20.2,0.7
319,320,Tim Hardaway Jr.,47,16.9,0.55,14.6,6.6,15.1,1,9.7,5.5,11.23,8.7,0.3
176,177,Timofey Mozgov,73,17.3,0.589,6.2,14.2,15.1,9.7,18.9,14.3,14.57,74.9,2.5
122,123,Tobias Harris,73,33,0.561,13.4,8.7,20,4.2,18.5,11.2,16.28,208,6.9
239,240,Toney Douglas,56,19.5,0.519,22.7,9.3,18.6,2.1,10.6,6.2,13.31,37.7,1.3
268,269,Tony Allen,63,25.1,0.498,10.5,11.6,15.8,6.9,14.3,10.4,12.52,47.7,1.6
115,116,Tony Parker,69,27.3,0.548,29.6,10.2,21.7,1.1,9,5.2,16.51,155.1,5.2
435,436,Tony Snell,62,19.9,0.474,13.4,11.4,13.1,1.6,14.2,8,6.27,-77.8,-2.6
463,464,Tony Wroten,8,18,0.412,15.4,22.3,31.8,1.5,14.8,7.9,1.93,-18.4,-0.6
257,258,Trevor Ariza,76,35.4,0.544,15,9,15.1,2.6,11.7,7.1,12.73,89.5,3
188,189,Trevor Booker,75,20.6,0.527,13.7,13.9,14.1,12.3,21,16.7,14.36,65.9,2.2
195,196,Trey Burke,64,21.3,0.507,16.5,8.9,24.6,1.6,8,4.8,14.1,63.2,2.1
325,326,Trey Lyles,76,16.8,0.508,9.8,10.9,16.7,5.3,19.7,12.5,11.12,-7.2,-0.2
129,130,Tristan Thompson,78,27.9,0.614,9.3,9.5,11,13.7,23.3,18.5,16,175.7,5.9
167,168,Troy Daniels,39,9.9,0.613,8.3,9.3,19,2,11.7,6.8,14.71,24.3,0.8
386,,Ty Lawson,62,21.2,0.473,31.5,13.3,15.5,1.7,7.4,4.6,9.38,-31.9,-1.1
317,318,Tyler Ennis,42,12.5,0.508,25.8,12.4,18.2,2.4,11,6.7,11.27,2.1,0.1
285,286,Tyler Hansbrough,40,8,0.5,6.4,10,13.2,13.5,16.2,14.8,12.12,3,0.1
218,219,Tyler Johnson,36,24,0.579,19.9,11.8,16.4,3.8,10.3,7.2,13.8,42.5,1.4
189,190,Tyler Zeller,55,12,0.53,6.6,12.1,21.4,9.3,17.9,13.5,14.31,36.5,1.2
70,71,Tyreke Evans,25,30.6,0.534,27.7,12.3,25,2.8,16.3,9.3,18.05,86.2,2.9
191,192,Tyson Chandler,64,24.5,0.597,11.9,17.5,11.9,11.5,27.8,19.5,14.21,84.3,2.8
355,356,Tyus Jones,33,14.5,0.439,31.4,11.1,18,1.7,7.9,4.8,10.38,-4.4,-0.1
392,393,Udonis Haslem,33,7.2,0.419,17.5,6.3,12.2,5,26,15.8,9.11,-8.4,-0.3
105,106,Victor Oladipo,70,33,0.535,18.8,10.1,22.4,2.2,14.1,8.1,16.94,222.3,7.4
255,,Vince Carter,56,16.4,0.521,11.6,7.9,17.7,3.4,13.8,8.4,12.82,31.8,1.1
180,181,Walter Tavares,11,6.6,0.555,9.8,16.4,15.4,10.7,20.5,15.7,14.53,4.3,0.1
361,,Wayne Ellington,71,21.1,0.499,11.1,6.1,16.3,1.3,11.1,6.1,10.25,-5.6,-0.2
334,335,Wesley Johnson,77,20.7,0.509,8,8.6,14.6,2.5,14,8.3,10.9,9.6,0.3
324,325,Wesley Matthews,73,33.6,0.534,13.4,6.7,16.1,1.2,8.9,5,11.13,22.9,0.8
119,120,Will Barton,79,28.6,0.538,14,9.7,22.4,2.8,20.4,11.4,16.32,196.4,6.5
144,145,Willie Cauley-Stein,62,20.8,0.598,6.8,9.2,12.1,10.5,17,13.8,15.6,96,3.2
52,53,Willie Reed,39,10.9,0.579,5.5,8.7,16.7,12.8,19.6,16.2,19.32,49.7,1.7
258,,Xavier Munford,10,14.2,0.589,13.5,15,17.5,1.6,14.2,7.6,12.73,3.7,0.1
205,,Zach LaVine,78,28,0.543,17.3,10.8,22.6,1.4,10.2,5.8,13.96,96.3,3.2
64,,Zach Randolph,64,29.8,0.528,11.5,8.3,22.9,9.7,21.1,15.2,18.75,206.2,6.9
117,118,Zaza Pachulia,71,26.5,0.547,15,14.1,15.5,13.7,26.2,20,16.39,162.9,5.4