,Name,GP,Min,ASTR,TOR,ORR,DRR,rim_FGA_p40,5_9_FGA_p40,10_14_FGA_p40,15_19_FGA_p40,20_24_FGA_p40,25_29_FGA_p40,BLK_p40,STL_p40,Assited FGM
0,Aaron Brooks,66,16.2,23.6,10.9,2.0,7.6,4.938271604938272,2.2222222222222223,1.4814814814814816,1.4814814814814816,2.469135802469136,4.197530864197531,0.2469135802469136,0.9876543209876544,26.06
1,Aaron Gordon,76,23.8,15.0,7.9,9.1,21.5,5.88235294117647,1.0084033613445378,0.8403361344537815,1.3445378151260503,2.1848739495798317,1.0084033613445378,1.1666666666666667,1.3333333333333333,58.76
2,Aaron Harrison,18,4.1,4.3,12.8,5.8,9.0,1.9512195121951221,0.0,0.0,0.9756097560975611,3.9024390243902443,1.9512195121951221,0.0,1.9512195121951221,80.0
3,Adreian Payne,49,9.4,13.8,16.3,4.3,21.4,2.978723404255319,2.127659574468085,0.851063829787234,2.127659574468085,3.404255319148936,0.851063829787234,0.851063829787234,1.276595744680851,64.15
4,Al Horford,78,32.1,17.6,7.2,6.4,17.8,5.358255451713395,1.6199376947040498,0.9968847352024922,3.6137071651090342,3.364485981308411,1.1214953271028036,1.8691588785046729,0.9968847352024922,81.29
5,Al Jefferson,42,23.3,10.5,4.9,5.7,23.8,5.836909871244635,4.978540772532189,3.6051502145922747,3.4334763948497855,0.0,0.0,1.5450643776824033,1.0300429184549356,55.51
6,Al-Farouq Aminu,79,28.5,13.2,11.4,4.5,18.9,3.789473684210526,0.8421052631578947,0.42105263157894735,0.8421052631578947,5.052631578947368,1.263157894736842,0.8421052631578947,1.263157894736842,73.58
7,Alan Anderson,9,14.4,15.8,3.5,0.8,15.9,2.2222222222222223,0.2777777777777778,1.1111111111111112,0.5555555555555556,3.888888888888889,4.444444444444445,0.27586206896551724,0.5517241379310345,71.43
8,Alan Williams,6,4.2,7.4,22.2,21.3,26.7,9.523809523809524,0.0,0.0,0.0,0.0,0.0,0.0,2.857142857142857,50.0
9,Alec Burks,28,27.1,11.9,9.9,2.5,12.9,6.051660516605166,1.6236162361623616,1.918819188191882,2.6568265682656826,3.9852398523985237,0.8856088560885609,0.14760147601476015,0.8856088560885609,32.85
10,Alex Len,74,23.0,9.5,15.3,10.5,25.6,7.304347826086956,1.9130434782608696,1.0434782608695652,2.9565217391304346,0.34782608695652173,0.0,1.391304347826087,0.8695652173913043,67.05
11,Alex Stepheson,8,9.1,5.8,0.0,28.7,14.4,11.868131868131869,2.6373626373626373,1.7582417582417582,0.0,0.43956043956043955,0.0,2.6666666666666665,0.4444444444444444,33.33
12,Alexis Ajinca,56,13.9,6.7,12.0,8.9,26.0,5.467625899280575,2.8776978417266186,1.1510791366906474,4.316546762589928,0.5755395683453237,0.0,1.7266187050359711,0.8633093525179856,76.67
13,Allen Crabbe,78,26.0,11.0,7.1,1.4,9.8,2.0,0.6153846153846154,0.9230769230769231,2.6153846153846154,5.384615384615385,1.2307692307692308,0.3076923076923077,1.2307692307692308,83.65
14,Alonzo Gee,73,22.4,17.5,13.4,3.9,12.9,3.7500000000000004,0.17857142857142858,0.17857142857142858,0.35714285714285715,1.6071428571428572,0.0,0.35714285714285715,1.6071428571428572,73.28
15,Amar'e Stoudemire,49,14.9,8.7,14.9,10.1,22.7,8.053691275167784,0.8053691275167785,0.5369127516778524,1.8791946308724832,0.0,0.0,2.1476510067114094,0.8053691275167785,71.2
16,Amir Johnson,74,22.8,18.8,13.5,10.5,19.3,6.315789473684211,1.7543859649122806,0.3508771929824561,0.17543859649122806,0.5263157894736842,0.5263157894736842,1.7543859649122806,1.0526315789473684,67.6
17,Anderson Varejao,51,9.6,17.5,11.0,8.2,21.7,4.166666666666667,1.6666666666666667,1.25,2.916666666666667,0.0,0.0,0.8333333333333334,1.25,71.7
18,Andre Drummond,78,33.0,4.4,10.1,15.5,34.3,11.151515151515152,4.0,0.6060606060606061,0.12121212121212122,0.0,0.0,1.696969696969697,1.696969696969697,53.08
19,Andre Iguodala,61,26.7,31.1,11.2,3.4,12.3,2.8464419475655434,0.299625468164794,0.449438202247191,1.0486891385767791,2.397003745318352,1.348314606741573,0.449438202247191,1.647940074906367,72.73
20,Andre Miller,37,10.9,36.5,15.6,2.9,8.7,4.770642201834862,1.1009174311926606,1.4678899082568806,1.1009174311926606,0.36697247706422015,0.36697247706422015,0.0,1.4545454545454546,35.59
21,Andre Roberson,67,22.2,12.5,9.5,5.8,11.0,4.1441441441441444,0.1801801801801802,0.0,0.0,2.3423423423423424,0.3603603603603604,1.0810810810810811,1.2612612612612613,77.21
22,Andrea Bargnani,46,13.8,5.2,7.5,4.9,12.5,2.898550724637681,1.7391304347826086,2.608695652173913,7.826086956521738,2.318840579710145,0.5797101449275363,0.5797101449275363,0.2898550724637681,86.61
23,Andrew Bogut,67,20.7,29.6,15.1,9.6,26.2,5.990338164251208,1.3526570048309179,0.3864734299516908,0.0,0.0,0.0,3.0917874396135265,0.9661835748792271,76.0
24,Andrew Goudelock,3,10.0,17.6,11.8,3.6,0.0,0.0,5.2,2.8,1.2,5.2,1.2,1.2,5.2,11.11
25,Andrew Nicholson,52,14.7,6.3,10.0,4.4,23.5,4.081632653061225,3.8095238095238098,1.3605442176870748,0.54421768707483,2.4489795918367347,3.537414965986395,1.0738255033557047,0.5369127516778524,53.42
26,Andrew Wiggins,77,35.3,8.7,9.7,4.4,7.6,6.798866855524079,1.926345609065156,1.813031161473088,3.852691218130312,2.492917847025496,1.3597733711048159,0.6798866855524079,1.13314447592068,54.04
27,Anthony Bennett,19,4.4,0.0,11.3,8.3,22.9,4.545454545454545,1.8181818181818181,1.8181818181818181,0.0,2.727272727272727,5.454545454545454,0.0,2.727272727272727,50.0
28,Anthony Brown,29,20.7,11.3,8.9,1.6,11.4,1.3526570048309179,0.3864734299516908,0.5797101449275363,0.9661835748792271,3.285024154589372,1.9323671497584543,0.3883495145631068,0.9708737864077669,82.05
29,Anthony Davis,61,35.5,7.4,7.7,6.4,26.2,7.098591549295775,3.267605633802817,2.704225352112676,4.845070422535211,2.140845070422535,0.9014084507042254,2.2535211267605635,1.4647887323943662,74.11
30,Anthony Morrow,64,13.3,6.3,4.3,1.4,5.4,0.9022556390977443,1.2030075187969924,1.5037593984962405,1.2030075187969924,7.518796992481203,2.406015037593985,0.3007518796992481,0.9022556390977443,75.0
31,Anthony Tolliver,68,18.5,12.7,6.0,3.0,16.1,1.0810810810810811,0.21621621621621623,0.21621621621621623,0.21621621621621623,4.108108108108108,4.108108108108108,0.43243243243243246,0.8648648648648649,93.75
32,Archie Goodwin,54,19.2,15.9,14.2,2.5,11.8,8.958333333333334,0.8333333333333334,0.20833333333333334,1.0416666666666667,2.0833333333333335,1.4583333333333335,0.4166666666666667,0.8333333333333334,39.2
33,Aron Baynes,77,15.0,9.3,11.5,12.3,22.8,7.2,2.6666666666666665,1.0666666666666667,1.3333333333333333,0.26666666666666666,0.0,1.6,0.8,75.26
34,Arron Afflalo,67,33.7,13.0,7.7,1.1,11.2,2.2551928783382786,1.780415430267062,2.2551928783382786,2.373887240356083,3.560830860534124,1.3056379821958455,0.11869436201780414,0.4747774480712166,59.89
35,Austin Rivers,64,21.8,13.4,8.6,1.7,8.0,5.137614678899082,1.1009174311926606,0.9174311926605504,1.2844036697247705,2.935779816513761,2.568807339449541,0.18348623853211007,1.2844036697247705,46.85
36,Avery Bradley,71,33.6,11.9,8.3,1.9,7.0,3.571428571428571,0.35714285714285715,0.35714285714285715,3.571428571428571,5.595238095238095,2.5,0.35608308605341243,1.780415430267062,73.25
37,Axel Toupane,18,15.5,16.0,5.7,3.1,7.3,2.064516129032258,0.25806451612903225,0.5161290322580645,0.25806451612903225,5.67741935483871,0.0,0.5161290322580645,1.032258064516129,96.0
38,Ben McLemore,64,20.8,11.6,15.0,2.5,8.2,4.230769230769231,0.7692307692307692,0.3846153846153846,1.1538461538461537,4.230769230769231,1.7307692307692306,0.1932367149758454,1.5458937198067633,76.92
39,Beno Udrih,44,16.1,30.9,14.1,1.3,10.0,2.484472049689441,0.24844720496894407,1.7391304347826086,3.726708074534161,2.2360248447204967,0.7453416149068323,0.0,0.7453416149068323,45.35
40,Bismack Biyombo,77,22.4,5.7,15.1,11.6,29.5,4.642857142857143,0.7142857142857143,0.5357142857142857,0.35714285714285715,0.0,0.0,3.035714285714286,0.5357142857142857,74.34
41,Blake Griffin,32,34.0,17.8,8.7,5.0,21.7,7.764705882352941,1.5294117647058822,1.0588235294117647,7.176470588235294,2.823529411764706,0.47058823529411764,0.5882352941176471,0.8235294117647058,64.12
42,Boban Marjanovic,50,8.6,7.5,10.9,18.0,26.4,8.837209302325581,3.7209302325581395,1.8604651162790697,0.9302325581395349,0.0,0.0,1.8604651162790697,0.9302325581395349,61.9
43,Bobby Portis,58,17.2,9.0,9.2,11.4,19.5,6.279069767441861,2.0930232558139537,1.1627906976744187,3.488372093023256,2.558139534883721,0.6976744186046512,0.9302325581395349,0.9302325581395349,65.59
44,Bojan Bogdanovic,74,26.7,10.0,11.5,2.0,11.8,4.194756554307117,1.348314606741573,0.7490636704119851,0.898876404494382,4.344569288389513,2.247191011235955,0.149812734082397,0.599250936329588,71.6
45,Boris Diaw,75,18.2,25.1,13.7,5.0,14.0,5.714285714285714,1.978021978021978,0.6593406593406593,0.8791208791208791,1.098901098901099,1.098901098901099,0.6593406593406593,0.6593406593406593,53.96
46,Bradley Beal,52,31.3,14.1,9.5,2.6,9.9,4.728434504792332,1.6613418530351438,2.0447284345047922,3.1948881789137378,3.450479233226837,3.706070287539936,0.25559105431309903,1.2779552715654952,53.76
47,Brandan Wright,12,17.7,7.6,12.7,7.3,16.2,6.101694915254238,2.4858757062146895,0.6779661016949153,0.6779661016949153,0.22598870056497175,0.0,2.937853107344633,0.903954802259887,71.43
48,Branden Dawson,3,4.7,0.0,0.0,15.8,7.7,8.51063829787234,0.0,0.0,0.0,0.0,0.0,2.553191489361702,0.0,50.0
49,Brandon Bass,66,20.3,14.9,8.4,8.1,15.1,6.108374384236453,0.7881773399014778,1.1822660098522166,1.379310344827586,0.0,0.0,1.5763546798029555,0.9852216748768473,76.44
50,Brandon Jennings,47,18.1,30.0,10.1,2.0,10.6,2.87292817679558,1.1049723756906076,0.6629834254143646,1.5469613259668507,3.756906077348066,3.756906077348066,0.22099447513812154,1.3259668508287292,41.07
51,Brandon Knight,52,36.0,18.6,12.5,2.0,9.9,4.888888888888889,1.4444444444444444,0.8888888888888888,2.6666666666666665,5.444444444444445,3.6666666666666665,0.4444444444444444,1.3333333333333333,36.66
52,Brandon Rush,68,15.1,16.2,8.5,2.3,15.5,2.384105960264901,0.26490066225165565,0.26490066225165565,0.794701986754967,4.23841059602649,2.119205298013245,0.794701986754967,0.794701986754967,92.79
53,Brian Roberts,49,9.0,21.4,8.1,1.5,8.2,3.111111111111111,1.3333333333333333,0.8888888888888888,4.0,4.444444444444445,1.3333333333333333,0.0,0.8888888888888888,41.89
54,Briante Weber,6,27.7,29.1,13.1,5.3,11.4,1.1552346570397112,1.8772563176895307,1.7328519855595668,1.444043321299639,2.4548736462093865,0.4332129963898917,0.7220216606498195,2.1660649819494586,21.43
55,Brook Lopez,73,33.7,8.8,10.6,9.2,17.2,7.4777448071216615,4.747774480712166,3.204747774480712,2.492581602373887,0.9495548961424332,0.11869436201780414,2.0178041543026706,0.9495548961424332,59.22
56,Bruno Caboclo,5,1.6,0.0,25.0,0.0,14.1,0.0,7.5,12.5,7.5,0.0,0.0,0.0,5.333333333333333,100.0
57,Bryce Cotton,5,6.8,17.6,29.4,0.0,0.0,1.1764705882352942,4.11764705882353,0.0,4.705882352941177,1.7647058823529411,4.11764705882353,0.0,3.5294117647058822,25.0
58,Bryce Dejean-Jones,14,19.9,14.4,10.6,3.1,16.4,3.4170854271356785,0.20100502512562815,0.4020100502512563,1.6080402010050252,2.814070351758794,2.613065326633166,0.20100502512562815,1.407035175879397,57.14
59,CJ Miles,61,23.0,7.8,8.8,1.9,11.1,3.3043478260869565,0.8695652173913043,0.8695652173913043,1.2173913043478262,5.217391304347826,5.739130434782608,0.8695652173913043,1.565217391304348,72.2
60,CJ Watson,29,19.6,33.9,8.6,1.7,9.9,1.8367346938775508,0.6122448979591836,0.4081632653061224,1.8367346938775508,2.0408163265306123,1.4285714285714284,0.2040816326530612,1.2244897959183672,57.45
61,CJ Wilcox,18,4.9,13.4,3.8,0.0,3.6,4.081632653061225,1.6326530612244896,3.265306122448979,3.265306122448979,5.7142857142857135,4.897959183673469,0.8163265306122448,2.4489795918367343,73.08
62,Cameron Bairstow,18,5.7,11.2,7.5,4.1,23.9,4.912280701754386,4.2105263157894735,1.4035087719298245,4.2105263157894735,2.1052631578947367,1.4035087719298245,1.4035087719298245,0.7017543859649122,69.23
63,Cameron Payne,53,11.6,24.6,9.8,1.5,11.9,2.7586206896551726,2.413793103448276,2.0689655172413794,2.413793103448276,4.482758620689656,2.413793103448276,0.3448275862068966,2.0689655172413794,34.21
64,Carl Landry,36,15.8,9.3,6.4,9.1,19.1,7.341772151898734,1.2658227848101264,1.0126582278481011,5.822784810126582,1.7721518987341771,0.5063291139240506,0.7594936708860759,0.7594936708860759,76.98
65,Carmelo Anthony,69,35.4,15.3,9.1,4.3,19.7,5.084745762711864,1.1299435028248588,3.050847457627119,5.084745762711864,3.615819209039548,2.4858757062146895,0.5649717514124294,1.0169491525423728,35.98
66,Caron Butler,16,9.9,13.2,4.4,3.5,10.2,0.40404040404040403,0.8080808080808081,1.2121212121212122,3.6363636363636362,5.656565656565657,0.8080808080808081,0.0,2.0,68.0
67,Chandler Parsons,61,29.5,17.3,9.7,1.8,15.6,5.016949152542373,1.3559322033898304,0.6779661016949152,1.2203389830508475,4.338983050847458,1.8983050847457628,0.4067796610169492,1.0847457627118644,60.63
68,Channing Frye,66,16.8,15.2,9.3,3.3,19.1,1.6666666666666665,0.47619047619047616,0.23809523809523808,0.9523809523809523,5.238095238095238,3.333333333333333,0.9580838323353293,0.9580838323353293,90.07
69,Charlie Villanueva,58,10.9,5.9,8.1,4.0,21.0,5.137614678899082,3.3027522935779814,0.7339449541284403,1.1009174311926606,6.238532110091743,4.770642201834862,1.1009174311926606,1.1009174311926606,72.0
70,Chase Budinger,63,14.1,16.8,11.4,4.8,12.9,3.971631205673759,1.1347517730496455,0.5673758865248227,0.851063829787234,2.8368794326241136,1.1347517730496455,0.5673758865248227,1.4184397163120568,68.27
71,Chris Andersen,23,14.7,11.1,8.9,9.5,18.1,4.625850340136054,0.0,0.272108843537415,0.54421768707483,0.54421768707483,0.8163265306122449,1.6326530612244898,1.08843537414966,71.05
72,Chris Bosh,53,33.5,11.7,7.2,3.2,21.1,4.17910447761194,0.835820895522388,2.029850746268657,4.298507462686567,4.537313432835821,1.3134328358208955,0.7164179104477612,0.835820895522388,68.99
73,Chris Copeland,24,6.5,15.5,8.4,0.7,6.6,2.4615384615384617,0.6153846153846154,0.0,1.2307692307692308,6.153846153846154,4.3076923076923075,0.0,0.6153846153846154,82.35
74,Chris Johnson,68,12.2,15.3,12.8,3.8,14.3,2.6229508196721314,0.6557377049180328,0.6557377049180328,0.6557377049180328,4.59016393442623,0.6557377049180328,0.9836065573770493,1.639344262295082,66.67
75,Chris Kaman,16,7.0,17.4,12.6,6.7,16.5,4.571428571428571,1.1428571428571428,1.7142857142857142,6.857142857142857,1.1428571428571428,1.1428571428571428,0.5714285714285714,0.5714285714285714,75.0
76,Chris McCullough,19,13.4,5.3,11.7,7.4,14.4,3.2835820895522385,1.1940298507462686,0.5970149253731343,2.388059701492537,2.9850746268656714,0.8955223880597015,1.1940298507462686,2.388059701492537,77.27
77,Chris Paul,71,32.9,33.3,8.9,1.8,11.9,2.917933130699088,1.580547112462006,2.43161094224924,5.592705167173253,2.674772036474164,3.161094224924012,0.24316109422492402,2.5531914893617023,16.8
78,Christian Wood,16,7.8,5.1,3.4,8.5,20.7,9.743589743589745,1.0256410256410258,1.5384615384615385,1.0256410256410258,2.5641025641025643,2.0512820512820515,1.5384615384615385,1.5384615384615385,68.18
79,Charles Hayes,2,12.0,25.4,38.1,0.0,37.1,1.6666666666666667,1.6666666666666667,0.0,0.0,0.0,0.0,0.0,0.0,100.0
80,CJ McCollum,77,34.8,16.4,9.5,1.8,8.4,4.71264367816092,1.9540229885057472,2.4137931034482762,3.9080459770114944,5.057471264367816,2.6436781609195403,0.3448275862068966,1.3793103448275863,36.19
81,Cleanthony Early,13,5.7,15.2,15.2,1.5,11.7,4.912280701754386,0.0,0.0,2.1052631578947367,7.719298245614035,2.1052631578947367,1.4035087719298245,0.7017543859649122,75.0
82,Cliff Alexander,8,4.5,0.0,9.1,6.0,12.1,4.444444444444445,4.444444444444445,0.0,4.444444444444445,0.0,0.0,2.6666666666666665,0.8888888888888888,40.0
83,Clint Capela,72,19.3,7.8,10.1,14.3,22.0,9.94818652849741,0.8290155440414507,0.0,0.0,0.0,0.0,2.4870466321243523,1.6580310880829014,66.67
84,Cody Zeller,69,24.7,10.3,10.0,8.3,19.9,6.963562753036437,0.9716599190283401,0.32388663967611336,1.2955465587044535,0.32388663967611336,0.16194331983805668,1.2955465587044535,1.2955465587044535,78.79
85,Cole Aldrich,55,12.6,13.0,17.8,12.0,25.4,9.206349206349207,2.2222222222222223,0.31746031746031744,0.0,0.0,0.0,3.492063492063492,2.2222222222222223,77.44
86,Corey Brewer,77,20.7,13.4,9.5,2.7,10.6,5.4106280193236715,0.9661835748792271,0.5797101449275363,0.5797101449275363,4.63768115942029,0.7729468599033816,0.3864734299516908,2.1256038647342996,75.94
87,Cory Jefferson,8,6.3,0.0,0.0,12.8,22.2,12.6984126984127,3.174603174603175,3.174603174603175,1.2698412698412698,2.5396825396825395,0.0,0.6349206349206349,0.0,77.78
88,Cory Joseph,76,25.8,24.4,10.0,2.2,9.3,4.496124031007752,1.7054263565891472,1.0852713178294573,1.5503875968992247,1.5503875968992247,0.7751937984496123,0.46875,1.25,28.57
89,Coty Clarke,3,2.0,0.0,20.0,0.0,17.9,10.0,0.0,0.0,10.0,10.0,10.0,0.0,0.0,100.0
90,Courtney Lee,74,29.7,14.6,8.2,1.4,8.6,2.558922558922559,0.6734006734006734,1.3468013468013469,2.154882154882155,3.2323232323232323,1.2121212121212122,0.5387205387205387,1.4814814814814816,71.72
91,Cristiano Felicio,27,8.4,23.9,9.6,9.9,24.4,5.238095238095238,0.0,0.0,1.4285714285714286,0.9523809523809523,0.47619047619047616,1.4285714285714286,0.9523809523809523,80.0
92,D.J. Augustin,59,19.2,28.9,12.2,0.8,8.1,3.75,0.625,0.4166666666666667,1.0416666666666667,3.75,2.0833333333333335,0.20833333333333334,1.25,39.19
93,D'Angelo Russell,75,27.8,17.8,12.9,2.3,11.4,3.741007194244604,1.7266187050359711,1.870503597122302,2.8776978417266186,4.172661870503597,3.0215827338129495,0.28776978417266186,1.7266187050359711,41.07
94,Damian Lillard,72,35.8,20.9,10.0,1.9,10.5,6.815642458100559,1.340782122905028,1.229050279329609,2.458100558659218,4.46927374301676,5.474860335195531,0.446927374301676,1.005586592178771,30.26
95,Damien Inglis,18,6.7,16.5,16.5,1.9,22.5,4.17910447761194,0.0,0.5970149253731343,2.388059701492537,2.388059701492537,0.5970149253731343,1.1940298507462686,1.1940298507462686,69.23
96,Damjan Rudez,30,8.7,12.4,14.7,2.3,5.7,1.8390804597701151,0.0,0.0,0.0,4.137931034482759,4.137931034482759,0.0,0.4597701149425288,92.0
97,Danilo Gallinari,53,34.7,12.3,7.0,3.1,14.1,5.187319884726224,0.34582132564841495,0.6916426512968299,1.8443804034582132,4.380403458213256,2.6512968299711814,0.4610951008645533,0.9221902017291066,58.89
98,Danny Green,75,26.1,17.7,9.4,2.8,13.7,1.9923371647509578,0.3065134099616858,0.45977011494252873,0.9195402298850575,4.291187739463601,2.6053639846743293,1.2260536398467432,1.532567049808429,85.71
99,Dante Cunningham,75,24.1,13.1,7.7,3.4,10.9,2.4896265560165975,0.33195020746887965,0.33195020746887965,0.6639004149377593,3.3195020746887964,0.8298755186721991,0.6639004149377593,0.8298755186721991,89.78
100,Darrell Arthur,69,21.8,14.4,9.9,6.2,15.3,2.935779816513761,0.9174311926605504,1.1009174311926606,3.4862385321100917,2.935779816513761,1.2844036697247705,1.2844036697247705,1.4678899082568806,82.81
101,Darren Collison,72,29.8,23.9,9.7,1.4,6.7,4.697986577181208,0.9395973154362416,0.8053691275167785,2.8187919463087248,2.684563758389262,1.74496644295302,0.0,1.4765100671140938,44.3
102,Darrun Hilliard,37,9.7,13.8,8.8,1.5,11.4,3.2989690721649487,0.8247422680412372,1.2371134020618557,2.4742268041237114,4.123711340206186,2.4742268041237114,0.0,0.8247422680412372,59.62
103,David Lee,50,16.5,16.5,12.4,11.7,24.3,10.666666666666666,2.909090909090909,0.7272727272727273,0.9696969696969697,0.24242424242424243,0.0,1.4457831325301203,0.9638554216867469,67.42
104,David West,74,17.4,20.5,10.5,6.0,19.0,3.9080459770114944,2.0689655172413794,1.3793103448275863,4.8275862068965525,0.4597701149425288,0.0,1.6091954022988506,1.149425287356322,78.69
105,DeAndre Jordan,74,33.9,9.4,10.9,11.5,32.8,7.315634218289086,0.471976401179941,0.0,0.0,0.0,0.0,2.713864306784661,0.8259587020648967,78.06
106,DeJuan Blair,29,7.5,11.0,15.0,10.1,19.5,5.866666666666666,3.2,3.2,1.6,0.5333333333333333,0.0,0.5333333333333333,1.6,82.14
107,Delon Wright,24,6.0,19.9,11.7,4.0,16.4,9.333333333333334,1.3333333333333333,0.6666666666666666,2.0,1.3333333333333333,2.0,0.0,2.0,16.67
108,DeMar DeRozan,75,36.2,14.5,8.1,2.6,11.5,6.077348066298342,2.430939226519337,3.2044198895027622,4.751381215469613,2.320441988950276,0.7734806629834253,0.33240997229916897,1.2188365650969528,29.61
109,DeMarcus Cousins,64,34.6,10.3,12.0,7.7,28.4,11.907514450867051,3.352601156069364,0.5780346820809248,2.7745664739884393,3.005780346820809,1.9653179190751444,1.6091954022988506,1.8390804597701151,60.23
110,DeMarre Carroll,23,32.0,7.3,8.3,4.4,12.6,3.75,2.25,0.75,0.75,4.0,2.375,0.25078369905956116,2.1316614420062696,72.38
111,Dennis Schroder,76,20.4,25.1,13.2,1.7,12.0,8.03921568627451,0.7843137254901962,0.9803921568627452,2.9411764705882355,4.509803921568627,1.9607843137254903,0.19607843137254904,1.7647058823529413,34.65
112,Deron Williams,62,32.3,27.3,10.8,1.0,8.8,3.3436532507739942,1.8575851393188856,1.238390092879257,2.476780185758514,3.839009287925697,1.8575851393188856,0.24767801857585142,1.238390092879257,41.12
113,Derrick Favors,60,32.0,8.6,9.1,10.1,19.7,7.625,2.125,2.875,3.625,0.125,0.0,1.75,1.5,64.59
114,Derrick Rose,64,31.7,19.4,10.9,2.4,8.9,7.444794952681388,2.77602523659306,2.3974763406940065,3.6593059936908516,2.6498422712933754,1.2618296529968454,0.25236593059936907,0.8832807570977919,29.08
115,Derrick Williams,76,17.4,9.4,7.1,3.6,18.7,7.126436781609196,0.6896551724137931,1.149425287356322,2.298850574712644,3.218390804597701,1.6091954022988506,0.2298850574712644,0.9195402298850576,64.17
116,Devin Booker,72,27.5,14.9,11.6,1.3,8.5,4.072727272727272,1.4545454545454546,1.309090909090909,3.0545454545454547,4.072727272727272,2.327272727272727,0.2909090909090909,0.8727272727272727,54.5
117,Devin Harris,60,19.8,20.1,10.1,1.6,9.9,4.444444444444445,0.8080808080808081,0.40404040404040403,1.2121212121212122,3.4343434343434343,1.0101010101010102,0.40404040404040403,2.0202020202020203,61.08
118,Devyn Marble,24,7.4,11.9,7.4,3.1,13.9,2.7027027027027026,1.081081081081081,0.5405405405405405,1.081081081081081,4.864864864864865,2.162162162162162,0.0,2.162162162162162,66.67
119,Dewayne Dedmon,54,12.2,5.5,12.8,10.2,25.2,6.557377049180328,1.9672131147540985,0.6557377049180328,0.6557377049180328,0.0,0.0,2.295081967213115,1.3114754098360657,77.78
120,Dion Waiters,74,27.4,14.8,11.2,1.9,8.0,4.233576642335767,0.43795620437956206,0.5839416058394161,2.6277372262773726,3.7956204379562046,1.3138686131386863,0.29197080291970806,1.4598540145985401,47.87
121,Dirk Nowitzki,70,31.5,9.0,5.8,2.3,20.4,1.7777777777777777,1.0158730158730158,3.9365079365079363,5.587301587301587,4.698412698412699,2.1587301587301586,0.8888888888888888,0.8888888888888888,72.09
122,Donald Sloan,56,21.4,36.0,11.4,1.4,14.1,4.4859813084112155,0.3738317757009346,0.3738317757009346,1.4953271028037385,2.429906542056075,0.9345794392523366,0.1869158878504673,1.1214953271028039,44.81
123,Donatas Motiejunas,33,14.6,12.0,14.1,6.8,15.3,4.109589041095891,4.931506849315069,1.9178082191780823,0.273972602739726,3.0136986301369864,1.36986301369863,0.273972602739726,1.095890410958904,76.67
124,Doug McDermott,77,23.0,6.9,6.8,2.2,8.7,4.173913043478261,0.8695652173913043,1.0434782608695652,1.391304347826087,4.0,2.4347826086956523,0.17391304347826086,0.34782608695652173,84.19
125,Draymond Green,77,34.8,33.1,14.1,5.5,23.3,6.321839080459771,1.0344827586206897,0.2298850574712644,0.3448275862068966,1.3793103448275863,2.298850574712644,1.6091954022988506,1.7241379310344829,70.32
126,Drew Gooden,28,10.6,10.1,10.1,10.3,22.1,3.018867924528302,1.1320754716981132,1.1320754716981132,1.1320754716981132,3.7735849056603774,3.3962264150943398,1.509433962264151,1.1320754716981132,54.55
127,Dwight Howard,66,32.3,9.2,15.6,11.5,29.0,8.173374613003096,2.105263157894737,0.12383900928792571,0.0,0.0,0.0,1.9814241486068114,1.238390092879257,70.97
128,Dwight Powell,66,14.8,10.0,9.1,9.3,20.9,6.486486486486486,0.8108108108108107,0.5405405405405405,3.243243243243243,1.081081081081081,0.27027027027027023,0.8108108108108107,1.3513513513513513,89.04
129,Dwyane Wade,69,30.5,18.1,10.7,4.4,10.8,7.475409836065574,3.540983606557377,2.8852459016393444,5.508196721311475,1.180327868852459,0.39344262295081966,0.7868852459016393,1.4426229508196722,28.33
130,E'Twaun Moore,59,21.4,17.8,9.5,1.6,9.3,2.990654205607477,2.429906542056075,1.3084112149532712,1.6822429906542058,2.990654205607477,0.9345794392523366,0.5607476635514019,1.1214953271028039,55.61
131,Ed Davis,78,20.8,15.2,10.9,14.1,24.2,6.730769230769231,1.1538461538461537,0.0,0.0,0.0,0.0,1.7307692307692306,1.346153846153846,58.25
132,Elfrid Payton,68,29.3,31.8,12.1,4.0,9.6,6.552901023890785,1.9112627986348123,1.2286689419795223,1.9112627986348123,1.36518771331058,0.8191126279863481,0.4067796610169492,1.6271186440677967,34.59
133,Elijah Millsap,20,8.7,25.4,12.0,4.1,19.5,5.517241379310345,0.4597701149425288,0.0,0.4597701149425288,2.7586206896551726,0.4597701149425288,0.9302325581395349,1.8604651162790697,54.55
134,Elliot Williams,5,9.0,23.9,6.0,2.4,7.9,0.0,1.3333333333333333,0.0,4.444444444444445,3.5555555555555554,0.8888888888888888,0.0,0.0,50.0
135,Elton Brand,15,13.0,16.3,10.2,3.3,28.8,2.769230769230769,0.9230769230769231,5.846153846153846,4.3076923076923075,0.3076923076923077,0.0,1.5384615384615385,1.5384615384615385,83.87
136,Emmanuel Mudiay,65,30.1,23.6,13.8,1.8,10.8,5.847176079734219,1.3289036544850499,1.9933554817275747,2.9235880398671097,2.6578073089700998,2.5249169435215943,0.6644518272425249,1.3289036544850499,38.6
137,Enes Kanter,78,20.6,3.6,11.6,16.6,24.8,12.03883495145631,1.1650485436893203,1.7475728155339805,1.3592233009708736,0.5825242718446602,0.0,0.7766990291262136,0.5825242718446602,60.39
138,Eric Bledsoe,31,34.2,21.9,12.7,1.8,11.2,5.964912280701754,1.871345029239766,1.286549707602339,3.6257309941520464,3.508771929824561,2.222222222222222,0.7017543859649122,2.3391812865497075,21.52
139,Eric Gordon,45,32.9,15.1,9.1,0.7,6.9,3.8905775075987843,0.851063829787234,0.48632218844984804,1.21580547112462,4.86322188449848,3.6474164133738602,0.364741641337386,1.21580547112462,64.07
140,Eric Moreland,6,5.2,0.0,20.5,3.5,20.8,3.846153846153846,0.0,0.0,0.0,0.0,0.0,6.037735849056604,0.0,100.0
141,Erick Green,9,4.7,17.8,0.0,8.3,8.3,0.0,2.553191489361702,3.404255319148936,5.106382978723404,7.659574468085106,0.0,0.0,0.851063829787234,20.0
142,Ersan Ilyasova,70,25.5,7.9,8.1,8.1,15.6,4.549019607843137,1.2549019607843137,0.47058823529411764,1.5686274509803921,2.980392156862745,3.450980392156863,0.6274509803921569,1.0980392156862746,73.93
143,Evan Fournier,74,32.2,15.2,9.5,1.4,8.3,4.968944099378882,0.9937888198757763,0.6211180124223602,0.9937888198757763,3.602484472049689,3.105590062111801,0.0,1.4906832298136645,61.54
144,Evan Turner,77,28.0,26.5,12.3,2.3,16.4,3.857142857142857,1.7142857142857142,3.2857142857142856,2.7142857142857144,1.1428571428571428,0.42857142857142855,0.5714285714285714,1.4285714285714286,34.11
145,Festus Ezeli,42,17.2,9.2,11.0,13.4,21.6,8.372093023255815,2.3255813953488373,0.6976744186046512,0.23255813953488372,0.0,0.0,2.7906976744186047,0.9302325581395349,81.6
146,Frank Kaminsky,76,21.0,13.3,8.2,4.2,17.0,4.571428571428571,1.7142857142857142,0.38095238095238093,0.5714285714285714,1.9047619047619047,2.857142857142857,1.1428571428571428,0.9523809523809523,70.7
147,Garrett Temple,75,24.6,17.9,7.9,2.0,10.1,3.089430894308943,0.3252032520325203,0.3252032520325203,0.975609756097561,3.5772357723577235,1.951219512195122,0.3252032520325203,1.4634146341463414,73.63
148,Gary Harris,73,32.1,13.7,9.2,2.5,7.6,4.859813084112149,0.6230529595015576,0.6230529595015576,1.1214953271028036,3.364485981308411,1.8691588785046729,0.24922118380062305,1.6199376947040498,71.87
149,Gary Neal,40,20.2,11.1,6.8,1.5,10.3,1.7821782178217822,1.9801980198019802,2.1782178217821784,3.7623762376237626,3.3663366336633667,3.1683168316831685,0.0,0.9900990099009901,52.32
150,George Hill,70,34.3,22.1,8.7,2.5,10.4,2.915451895043732,0.8163265306122449,0.9329446064139942,1.5160349854227406,3.4985422740524785,1.8658892128279885,0.23323615160349856,1.282798833819242,52.6
151,Gerald Green,65,23.1,7.8,6.6,2.0,9.7,2.4242424242424243,0.8658008658008658,1.5584415584415583,3.1168831168831166,4.848484848484849,2.251082251082251,0.5194805194805194,1.0389610389610389,67.39
152,Gerald Henderson,70,20.0,10.2,8.8,2.3,13.9,2.8,0.8,1.8,4.2,4.2,0.8,0.6,1.0,59.48
153,Giannis Antetokounmpo,76,35.4,19.6,11.6,4.6,19.9,8.474576271186441,1.5819209039548023,0.6779661016949153,1.5819209039548023,1.3559322033898307,0.6779661016949153,1.5819209039548023,1.3559322033898307,50.29
154,Glenn Robinson,41,11.3,11.7,8.0,2.6,12.7,4.2477876106194685,1.415929203539823,0.7079646017699115,2.1238938053097343,2.831858407079646,1.0619469026548671,0.7079646017699115,1.415929203539823,69.23
155,Goran Dragic,67,32.9,27.5,12.1,2.2,10.3,5.471124620060791,1.21580547112462,1.702127659574468,2.43161094224924,2.5531914893617023,1.0942249240121582,0.24316109422492402,1.21580547112462,32.85
156,Gordon Hayward,76,36.0,15.5,10.5,2.5,13.2,4.333333333333333,2.0,1.8888888888888888,2.111111111111111,4.777777777777778,1.3333333333333333,0.3333333333333333,1.3333333333333333,45.3
157,Gorgui Dieng,78,27.0,14.7,14.9,8.1,22.3,4.7407407407407405,1.3333333333333333,1.037037037037037,2.5185185185185186,0.7407407407407407,0.14814814814814814,1.7777777777777777,1.7777777777777777,71.75
158,Greg Monroe,76,29.6,12.8,9.2,10.8,23.6,11.08108108108108,2.972972972972973,0.8108108108108107,1.3513513513513513,0.0,0.0,1.2162162162162162,1.2162162162162162,57.03
159,Greg Smith,15,12.0,9.9,11.9,7.2,17.9,6.666666666666667,0.3333333333333333,0.0,0.0,0.0,0.0,0.3333333333333333,0.6666666666666666,77.78
160,Greivis Vasquez,19,20.6,32.2,13.9,1.2,10.7,3.1067961165048543,0.9708737864077669,0.9708737864077669,0.9708737864077669,3.1067961165048543,3.1067961165048543,0.0,0.9708737864077669,53.33
161,Harrison Barnes,62,30.9,13.9,6.3,4.5,12.3,3.4951456310679614,1.1650485436893205,1.0355987055016183,1.8122977346278317,3.365695792880259,1.2944983818770228,0.25889967637540456,0.9061488673139159,73.22
162,Hassan Whiteside,68,29.1,3.2,14.2,12.9,32.5,7.697594501718212,2.7491408934707904,1.099656357388316,1.2371134020618557,0.1374570446735395,0.0,5.223367697594502,0.8247422680412371,66.02
163,Henry Sims,9,17.1,6.2,10.8,10.1,19.3,4.678362573099415,2.573099415204678,1.6374269005847952,2.573099415204678,0.0,0.0,1.871345029239766,1.4035087719298245,87.88
164,Hollis Thompson,73,27.9,11.1,8.8,2.6,11.8,2.2939068100358426,0.8602150537634409,0.5734767025089607,0.8602150537634409,4.301075268817205,3.4408602150537635,0.42857142857142855,0.7142857142857143,82.59
165,Ian Mahinmi,67,25.7,14.2,13.3,8.2,22.0,7.159533073929961,1.0894941634241246,0.311284046692607,0.7782101167315175,0.1556420233463035,0.0,1.7120622568093387,1.4007782101167316,75.76
166,Ian Clark,63,9.0,19.6,13.4,2.6,9.7,4.0,1.7777777777777777,1.7777777777777777,0.8888888888888888,4.0,2.6666666666666665,0.8888888888888888,1.3333333333333333,64.04
167,Iman Shumpert,53,24.2,19.5,11.8,2.8,14.7,1.9834710743801653,0.49586776859504134,0.6611570247933884,1.322314049586777,3.4710743801652892,1.322314049586777,0.6611570247933884,1.6528925619834711,68.42
168,Isaiah Canaan,77,25.5,13.3,8.8,1.1,8.8,2.5098039215686274,0.7843137254901961,0.6274509803921569,0.6274509803921569,4.392156862745098,5.803921568627451,0.3137254901960784,1.0980392156862746,64.23
169,Isaiah Thomas,77,32.5,21.8,9.2,1.8,7.9,8.0,1.7230769230769232,1.9692307692307693,1.7230769230769232,3.8153846153846156,3.6923076923076925,0.1234567901234568,1.3580246913580247,42.47
170,Ish Smith,73,28.6,29.3,9.9,2.0,13.1,7.2727272727272725,1.8181818181818181,1.3986013986013985,3.2167832167832167,1.8181818181818181,1.8181818181818181,0.4195804195804196,1.5384615384615383,24.43
171,Jose Juan Barea,71,22.5,25.9,9.6,1.7,8.0,4.8,2.8444444444444446,1.6,1.2444444444444445,4.088888888888889,2.311111111111111,0.0,0.5333333333333333,31.23
172,J.J. O'Brien,2,3.0,0.0,0.0,0.0,19.4,0.0,6.666666666666667,0.0,0.0,0.0,0.0,0.0,6.451612903225806,0.0
173,JJ Redick,72,28.2,9.2,6.8,0.5,6.6,1.702127659574468,0.5673758865248227,0.5673758865248227,3.2624113475177308,6.5248226950354615,3.971631205673759,0.14184397163120568,0.851063829787234,88.49
174,J.R. Smith,74,30.7,12.0,5.5,2.1,8.3,1.5635179153094463,1.3029315960912053,0.7817589576547231,1.4332247557003257,4.82084690553746,4.5602605863192185,0.39087947882736157,1.4332247557003257,71.95
175,Jabari Parker,72,31.8,10.9,9.3,5.9,12.7,7.547169811320755,1.3836477987421383,1.5094339622641508,3.0188679245283017,1.0062893081761006,0.12578616352201258,0.5031446540880503,1.1320754716981132,72.01
176,Jae Crowder,68,31.9,12.1,7.5,3.1,14.3,4.137931034482759,0.7523510971786834,0.6269592476489029,1.5047021943573669,4.137931034482759,2.884012539184953,0.6269592476489029,2.2570532915360504,82.45
177,Jahlil Okafor,53,30.0,6.2,11.8,8.1,17.7,9.6,4.533333333333333,3.2,2.0,0.13333333333333333,0.13333333333333333,1.6,0.5333333333333333,41.31
178,JaKarr Sampson,70,15.9,9.7,14.8,4.1,14.3,6.289308176100628,1.5094339622641508,0.5031446540880503,0.5031446540880503,1.5094339622641508,0.7547169811320754,1.2578616352201257,0.7547169811320754,59.29
179,Jamal Crawford,77,26.6,13.6,8.4,1.0,6.4,2.706766917293233,1.5037593984962405,1.8045112781954886,4.2105263157894735,3.6090225563909772,3.308270676691729,0.15037593984962405,0.9022556390977443,40.74
180,Jameer Nelson,39,26.6,32.8,11.4,2.0,10.5,2.255639097744361,0.7518796992481203,0.45112781954887216,1.0526315789473684,4.2105263157894735,2.857142857142857,0.15037593984962405,0.9022556390977443,31.86
181,James Anderson,47,12.9,14.6,14.1,2.0,10.6,3.1007751937984493,0.6201550387596899,0.31007751937984496,0.31007751937984496,3.1007751937984493,2.4806201550387597,0.6106870229007634,0.916030534351145,64.18
182,James Ennis,17,9.4,16.8,9.6,0.0,0.0,5.531914893617021,0.425531914893617,0.0,0.851063829787234,4.680851063829787,2.978723404255319,0.851063829787234,2.127659574468085,79.63
183,James Harden,77,38.1,20.7,12.8,2.2,16.1,6.404199475065616,1.1548556430446193,1.6797900262467191,2.6246719160104988,4.724409448818897,3.884514435695538,0.6299212598425197,1.784776902887139,29.44
184,James Johnson,56,16.0,17.0,13.8,3.6,11.7,6.0,0.5,0.25,0.5,2.25,0.5,1.5,1.25,45.13
185,James Jones,45,9.4,7.9,6.1,1.9,10.1,0.425531914893617,0.0,1.276595744680851,0.851063829787234,6.382978723404255,4.25531914893617,0.851063829787234,0.851063829787234,86.44
186,James Michael McAdoo,40,6.5,12.4,11.7,13.2,11.1,10.461538461538462,1.8461538461538463,0.6153846153846154,1.2307692307692308,0.0,0.0,1.2307692307692308,1.8461538461538463,77.78
187,James Young,27,7.3,17.4,9.7,2.1,12.0,1.6438356164383563,0.0,0.0,0.547945205479452,4.383561643835616,1.6438356164383563,0.0,1.081081081081081,81.82
188,JaMychal Green,74,18.5,9.3,11.9,10.2,19.3,7.351351351351352,1.0810810810810811,0.8648648648648649,2.3783783783783785,1.7297297297297298,0.21621621621621623,0.8648648648648649,1.2972972972972974,68.7
189,Jared Cunningham,44,9.3,11.8,12.3,0.8,9.6,5.161290322580645,0.4301075268817204,0.4301075268817204,0.8602150537634408,4.301075268817204,1.2903225806451613,0.0,1.2903225806451613,77.78
190,Jared Dudley,76,26.1,21.3,10.3,2.8,12.3,1.2260536398467432,0.1532567049808429,0.3065134099616858,1.9923371647509578,3.2183908045977008,2.2988505747126435,0.3065134099616858,1.379310344827586,92.7
191,Jared Sullinger,76,24.0,15.8,9.0,10.9,27.3,6.166666666666667,2.1666666666666665,1.1666666666666667,3.0,2.8333333333333335,1.3333333333333333,0.9958506224066389,1.4937759336099585,64.1
192,Jarell Eddie,22,4.5,4.2,2.1,1.1,15.1,0.8888888888888888,0.8888888888888888,0.8888888888888888,1.7777777777777777,8.0,10.666666666666666,0.0,0.8888888888888888,90.0
193,Jarell Martin,23,13.6,8.9,10.2,11.7,15.6,6.470588235294118,1.4705882352941178,1.1764705882352942,2.3529411764705883,1.1764705882352942,0.0,0.8823529411764706,0.8823529411764706,57.41
194,Jarnell Stokes,7,2.6,14.5,0.0,6.4,18.6,6.153846153846153,0.0,0.0,7.692307692307692,0.0,0.0,0.0,1.4814814814814814,66.67
195,Jarrett Jack,32,32.1,32.0,12.8,1.0,14.1,1.8691588785046729,2.4922118380062304,1.2461059190031152,3.364485981308411,3.364485981308411,1.6199376947040498,0.24922118380062305,1.3707165109034267,25.71
196,Jason Smith,71,15.4,9.5,9.3,4.6,15.2,2.5974025974025974,0.5194805194805194,1.5584415584415585,8.831168831168831,3.116883116883117,0.2597402597402597,1.8543046357615895,1.0596026490066226,88.93
197,Jason Terry,67,17.3,18.6,9.4,1.2,5.8,1.1560693641618496,0.6936416184971098,0.6936416184971098,0.6936416184971098,5.780346820809248,2.7745664739884393,0.23121387283236994,1.6184971098265895,70.86
198,Jason Thompson,42,9.3,18.0,9.7,7.6,22.8,4.301075268817204,1.7204301075268815,1.2903225806451613,0.8602150537634408,0.4301075268817204,0.4301075268817204,1.7204301075268815,1.2903225806451613,69.23
199,JaVale McGee,33,11.2,1.7,12.2,15.8,23.5,11.071428571428573,1.4285714285714286,1.0714285714285714,1.0714285714285714,0.35714285714285715,0.0,2.882882882882883,0.7207207207207208,70.13
200,Jeff Ayres,12,4.7,17.9,17.9,7.9,15.4,4.25531914893617,0.0,0.0,2.553191489361702,0.0,0.0,2.553191489361702,0.0,75.0
201,Jeff Green,75,28.4,11.9,8.3,3.6,13.3,5.774647887323944,1.6901408450704227,0.9859154929577465,1.5492957746478875,2.9577464788732395,1.267605633802817,0.7042253521126761,0.9859154929577465,49.44
202,Jeff Teague,75,28.5,25.9,11.8,1.7,8.7,7.157894736842105,2.1052631578947367,1.4035087719298245,1.6842105263157894,3.3684210526315788,1.6842105263157894,0.42105263157894735,1.6842105263157894,28.57
203,Jeff Withey,48,12.9,8.5,12.1,10.3,20.1,7.131782945736434,1.5503875968992247,0.9302325581395349,0.6201550387596899,0.0,0.0,3.4108527131782944,1.2403100775193798,80.46
204,Jerami Grant,73,26.5,13.7,11.4,5.1,14.5,6.943396226415095,0.9056603773584906,0.4528301886792453,0.4528301886792453,1.9622641509433962,0.9056603773584906,2.4150943396226414,1.0566037735849056,72.91
205,Jeremy Evans,30,8.4,3.0,10.6,4.8,18.8,4.761904761904762,0.47619047619047616,0.0,0.47619047619047616,1.9047619047619047,1.4285714285714286,1.4285714285714286,0.9523809523809523,88.46
206,Jeremy Lamb,63,18.7,11.5,7.2,3.9,18.7,5.347593582887701,1.4973262032085561,1.0695187165775402,2.5668449197860963,2.5668449197860963,3.6363636363636367,0.8556149732620321,1.2834224598930482,54.35
207,Jeremy Lin,73,26.1,18.7,12.0,2.1,11.3,4.904214559386973,1.379310344827586,1.2260536398467432,1.839080459770115,2.4521072796934864,2.6053639846743293,0.7662835249042145,1.0727969348659003,46.67
208,Jerian Grant,72,15.8,25.6,12.1,2.0,10.1,5.3164556962025316,1.0126582278481011,1.0126582278481011,1.5189873417721518,2.0253164556962022,1.5189873417721518,0.2531645569620253,1.5189873417721518,38.96
209,Jerryd Bayless,52,28.9,22.9,10.2,1.6,9.1,2.0761245674740487,0.8304498269896194,0.5536332179930796,1.245674740484429,4.290657439446367,2.3529411764705883,0.2768166089965398,1.245674740484429,67.03
210,Jimmer Fredette,6,3.0,9.8,19.6,0.0,0.0,2.6666666666666665,9.333333333333334,0.0,0.0,0.0,5.333333333333333,0.0,2.7586206896551726,100.0
211,Jimmy Butler,63,37.1,18.2,7.5,3.3,11.7,6.037735849056603,1.1859838274932615,1.7250673854447438,3.3423180592991915,2.803234501347709,1.4016172506738545,0.6469002695417789,1.8328840970350404,47.87
212,JJ Hickson,31,12.5,9.2,10.1,8.8,23.5,8.64,2.56,2.24,1.28,0.32,0.0,1.28,1.6,71.25
213,Joakim Noah,29,21.9,34.9,16.5,14.6,27.2,6.940639269406393,0.7305936073059361,0.18264840182648404,0.36529680365296807,0.0,0.0,1.8264840182648403,1.0958904109589043,58.82
214,Jodie Meeks,2,8.5,0.0,16.7,6.2,6.7,4.705882352941177,0.0,2.3529411764705883,2.3529411764705883,2.3529411764705883,0.0,0.0,0.0,71.43
215,Joe Harris,5,3.0,28.6,14.3,0.0,22.4,0.0,0.0,0.0,0.0,2.6666666666666665,10.666666666666666,0.0,0.0,100.0
216,Joe Ingles,77,15.2,21.0,14.5,1.9,12.7,1.3157894736842106,0.0,0.2631578947368421,0.5263157894736842,5.526315789473684,1.842105263157895,0.2631578947368421,1.5789473684210527,71.77
217,Joe Johnson,76,33.5,23.3,11.4,2.1,10.4,1.3134328358208955,2.5074626865671643,1.671641791044776,1.791044776119403,3.582089552238806,1.4328358208955223,0.11940298507462686,0.835820895522388,42.44
218,Joe Young,37,9.2,22.8,12.0,1.9,12.3,4.347826086956522,1.7391304347826089,1.7391304347826089,3.91304347826087,4.782608695652175,2.608695652173913,0.0,1.7391304347826089,25.81
219,Joel Anthony,18,3.9,7.9,15.8,10.5,16.2,2.0512820512820515,2.0512820512820515,1.0256410256410258,0.0,0.0,0.0,2.0512820512820515,1.0256410256410258,66.67
220,Joffrey Lauvergne,57,17.6,10.6,9.8,8.3,23.0,7.954545454545454,1.5909090909090908,0.6818181818181818,1.5909090909090908,2.2727272727272725,0.45454545454545453,0.45454545454545453,0.45454545454545453,72.82
221,John Henson,53,16.6,12.3,13.8,10.4,15.5,8.192771084337348,3.1325301204819276,0.48192771084337344,0.0,0.0,0.0,4.578313253012047,0.7228915662650601,75.61
222,John Jenkins,39,10.6,13.0,11.5,2.1,12.1,2.6415094339622645,1.509433962264151,1.1320754716981132,3.3962264150943398,4.528301886792453,1.509433962264151,0.0,0.7547169811320755,66.2
223,John Wall,77,36.2,30.3,12.2,1.7,13.9,6.187845303867403,0.6629834254143646,0.9944751381215469,5.635359116022099,2.87292817679558,2.87292817679558,0.8839779005524862,2.0994475138121547,28.67
224,Johnny O'Bryant,63,12.8,11.8,10.7,8.9,13.9,4.0625,1.25,0.625,4.0625,0.3125,0.0,0.3125,0.9375,73.26
225,Jon Leuer,63,18.7,11.1,11.4,6.0,25.5,5.133689839572193,1.9251336898395723,1.7112299465240641,2.1390374331550803,2.7807486631016043,1.2834224598930482,0.8556149732620321,1.2834224598930482,67.86
226,Jonas Jerebko,73,14.8,14.1,11.4,6.8,19.1,3.7837837837837838,0.8108108108108107,0.27027027027027023,0.8108108108108107,2.972972972972973,1.3513513513513513,0.8108108108108107,0.8108108108108107,80.51
227,Jonas Valanciunas,56,26.2,5.7,11.2,13.7,26.4,9.465648854961833,2.1374045801526718,0.916030534351145,1.0687022900763359,0.15267175572519084,0.0,1.984732824427481,0.6106870229007634,61.69
228,Jonathon Simmons,52,14.3,15.6,13.7,2.2,10.4,6.433566433566433,1.6783216783216783,0.5594405594405594,1.1188811188811187,1.958041958041958,0.5594405594405594,0.2797202797202797,1.1188811188811187,62.3
229,Jordan Adams,2,7.5,22.7,15.2,0.0,15.8,5.333333333333333,0.0,8.0,0.0,0.0,2.6666666666666665,0.0,8.219178082191782,50.0
230,Jordan Clarkson,74,32.2,12.8,8.8,3.8,9.6,5.590062111801242,2.3602484472049685,1.3664596273291925,2.6086956521739126,2.981366459627329,2.2360248447204967,0.12422360248447203,1.3664596273291925,41.05
231,Jordan Farmar,8,24.9,23.8,9.7,0.6,7.2,3.3734939759036147,0.8032128514056225,1.4457831325301205,1.606425702811245,4.016064257028113,3.0522088353413657,0.1606425702811245,2.248995983935743,28.57
232,Jordan Hamilton,6,27.8,17.6,9.9,5.8,20.5,5.0359712230215825,2.8776978417266186,1.0071942446043165,1.0071942446043165,3.1654676258992804,1.7266187050359711,0.4316546762589928,1.4388489208633093,48.98
233,Jordan Hill,71,20.8,10.9,11.9,11.3,21.0,6.346153846153846,2.692307692307692,1.923076923076923,3.0769230769230766,0.5769230769230769,0.0,0.9615384615384615,0.9615384615384615,56.12
234,Jordan McRae,19,7.2,19.8,12.4,1.6,9.0,3.888888888888889,1.6666666666666665,2.2222222222222223,2.2222222222222223,2.2222222222222223,4.444444444444445,0.5555555555555556,1.1111111111111112,29.41
235,Jordan Mickey,15,3.6,3.8,3.8,11.6,13.9,14.444444444444445,0.0,2.2222222222222223,1.1111111111111112,0.0,0.0,7.777777777777778,0.0,50.0
236,Jorge Gutierrez,8,4.9,45.7,20.8,0.0,8.5,3.265306122448979,0.8163265306122448,0.0,0.8163265306122448,0.0,0.0,0.0,3.265306122448979,16.67
237,Jose Calderon,72,28.1,34.6,10.1,1.2,11.0,0.8540925266903914,0.2846975088967971,0.7117437722419928,2.562277580071174,2.8469750889679712,1.7081850533807827,0.14234875444839856,1.281138790035587,53.11
238,Josh Huestis,2,10.5,0.0,17.0,5.5,0.0,3.8095238095238093,0.0,0.0,0.0,3.8095238095238093,1.9047619047619047,1.9417475728155338,0.0,100.0
239,Josh McRoberts,40,14.0,29.3,11.3,4.2,15.1,3.4285714285714284,1.1428571428571428,0.5714285714285714,1.4285714285714286,2.2857142857142856,1.4285714285714286,0.5714285714285714,1.1428571428571428,67.27
240,Josh Richardson,47,20.1,17.5,9.1,1.7,8.5,2.587064676616915,0.7960199004975124,0.9950248756218905,0.9950248756218905,3.5820895522388057,1.1940298507462686,0.7960199004975124,1.3930348258706466,65.04
241,Josh Smith,51,15.7,15.6,13.9,7.0,17.8,6.114649681528663,1.78343949044586,0.5095541401273885,1.019108280254777,4.585987261146497,2.547770700636943,2.2784810126582276,1.2658227848101264,71.65
242,Jrue Holiday,65,28.2,24.6,10.5,1.6,10.5,6.950354609929078,2.269503546099291,2.5531914893617023,2.6950354609929077,2.978723404255319,2.8368794326241136,0.425531914893617,1.9858156028368794,27.32
243,Julius Randle,76,28.1,11.0,11.8,7.9,32.0,8.683274021352313,2.1352313167259784,0.9964412811387899,1.8505338078291813,0.9964412811387899,0.4270462633451957,0.5693950177935942,0.8540925266903914,45.81
244,Justin Anderson,50,10.4,10.2,9.2,3.0,19.2,3.4615384615384612,0.7692307692307692,0.3846153846153846,1.5384615384615383,3.846153846153846,2.3076923076923075,1.5384615384615383,1.1538461538461537,59.15
245,Justin Harper,5,7.0,0.0,15.5,0.0,3.2,0.0,0.0,0.0,0.0,4.571428571428571,8.0,0.0,1.1428571428571428,100.0
246,Justin Holiday,49,13.4,14.8,12.3,1.8,10.8,3.8805970149253732,0.5970149253731343,0.5970149253731343,1.4925373134328357,3.8805970149253732,2.08955223880597,0.8955223880597015,1.791044776119403,80.68
247,Justise Winslow,74,28.9,16.6,13.2,4.1,15.7,3.8754325259515574,0.6920415224913495,0.2768166089965398,0.9688581314878894,1.9377162629757787,0.2768166089965398,0.5536332179930796,1.1072664359861593,64.8
248,Jusuf Nurkic,29,15.6,10.7,13.9,13.0,23.3,11.794871794871796,4.3589743589743595,0.5128205128205129,0.7692307692307693,0.25641025641025644,0.25641025641025644,3.3333333333333335,1.5384615384615385,74.26
249,KJ McDaniels,32,6.2,8.3,14.5,7.7,12.3,6.451612903225806,1.9354838709677418,1.2903225806451613,1.2903225806451613,3.8709677419354835,1.9354838709677418,1.2903225806451613,0.6451612903225806,62.07
250,Karl-Anthony Towns,78,32.1,9.9,11.6,10.3,27.5,7.102803738317757,2.4922118380062304,1.1214953271028036,3.6137071651090342,2.4922118380062304,0.37383177570093457,2.1183800623052957,0.8722741433021807,67.84
251,Kawhi Leonard,69,32.9,12.0,6.9,4.6,18.7,4.498480243161095,1.9452887537993921,2.7963525835866263,3.6474164133738602,3.6474164133738602,1.702127659574468,1.21580547112462,2.1884498480243164,54.53
252,Keith Appling,5,5.4,7.8,23.3,0.0,4.2,2.962962962962963,0.0,2.222222222222222,2.962962962962963,2.962962962962963,2.222222222222222,0.0,1.4814814814814814,0.0
253,Kelly Olynyk,64,20.3,12.9,9.8,5.5,15.7,6.108374384236453,1.379310344827586,0.7881773399014778,1.1822660098522166,3.3497536945812807,3.152709359605911,0.9852216748768473,1.379310344827586,73.52
254,Kelly Oubre,59,9.8,4.9,12.4,4.5,18.4,5.7142857142857135,1.2244897959183672,0.4081632653061224,0.4081632653061224,2.8571428571428568,2.8571428571428568,0.40404040404040403,1.2121212121212122,65.56
255,Kemba Walker,76,36.0,19.7,8.1,2.2,11.5,5.222222222222222,1.2222222222222223,1.3333333333333333,3.5555555555555554,3.4444444444444446,3.7777777777777777,0.4444444444444444,1.7777777777777777,32.22
256,Kendall Marshall,27,12.6,30.4,19.2,0.3,6.6,2.2222222222222223,1.2698412698412698,1.2698412698412698,1.5873015873015874,2.5396825396825395,2.2222222222222223,0.31746031746031744,1.5873015873015874,51.16
257,Kendrick Perkins,32,14.2,20.6,24.7,4.7,22.1,2.535211267605634,1.971830985915493,0.28169014084507044,0.28169014084507044,0.0,0.0,0.8450704225352114,0.8450704225352114,85.0
258,Kenneth Faried,66,25.4,9.0,10.1,15.0,23.2,11.338582677165356,1.8897637795275593,0.4724409448818898,0.7874015748031497,0.15748031496062992,0.0,1.4173228346456694,0.7874015748031497,68.48
259,Kent Bazemore,72,27.9,15.6,12.1,1.6,17.7,5.878136200716846,0.5734767025089607,0.28673835125448033,0.8602150537634409,4.444444444444445,1.5770609318996416,0.7168458781362007,1.863799283154122,66.88
260,Kentavious Caldwell-Pope,73,36.7,10.9,8.0,2.6,8.7,3.5967302452316074,1.08991825613079,1.3079019073569482,1.9618528610354222,2.833787465940054,2.833787465940054,0.217983651226158,1.5258855585831061,58.31
261,Kevin Durant,70,35.9,16.3,11.4,2.0,22.0,5.013927576601671,1.5598885793871866,3.1197771587743732,3.6768802228412256,4.456824512534819,3.3426183844011144,1.3370473537604457,1.1142061281337048,55.01
262,Kevin Garnett,38,14.6,30.7,7.9,3.2,27.9,1.6438356164383563,0.8219178082191781,1.095890410958904,3.0136986301369864,1.9178082191780823,0.0,0.8219178082191781,1.9178082191780823,94.44
263,Kevin Love,74,31.6,13.1,9.9,7.1,28.0,3.5443037974683542,2.4050632911392404,1.0126582278481011,1.3924050632911391,4.556962025316455,3.0379746835443036,0.7594936708860759,1.0126582278481011,75.06
264,Kevin Martin,50,19.9,9.7,8.4,1.4,9.5,2.814070351758794,1.6080402010050252,2.0100502512562817,3.4170854271356785,3.819095477386935,2.0100502512562817,0.20100502512562815,0.8040201005025126,66.67
265,Kevin Seraphin,46,11.2,15.4,14.4,6.7,18.7,4.642857142857143,4.285714285714286,3.928571428571429,2.142857142857143,0.7142857142857143,0.0,2.5225225225225225,0.7207207207207208,60.71
266,Kevon Looney,5,4.2,0.0,12.5,21.7,29.2,5.714285714285714,0.0,2.857142857142857,2.857142857142857,1.9047619047619047,2.857142857142857,0.0,0.0,50.0
267,Khris Middleton,76,36.4,18.2,9.8,1.8,10.2,2.857142857142857,1.4285714285714286,2.417582417582418,3.5164835164835164,3.296703296703297,2.5274725274725274,0.32967032967032966,1.7582417582417582,55.03
268,Kirk Hinrich,43,14.4,30.4,12.7,1.4,10.2,1.9444444444444444,0.5555555555555556,0.5555555555555556,1.1111111111111112,3.0555555555555554,1.3888888888888888,0.0,0.8333333333333333,57.14
269,Klay Thompson,76,33.3,9.0,7.8,1.4,10.5,4.324324324324325,1.2012012012012012,2.4024024024024024,2.4024024024024024,5.405405405405406,5.165165165165166,0.7207207207207208,0.8408408408408409,80.95
270,Kobe Bryant,61,28.3,12.5,8.4,2.5,12.5,2.685512367491166,1.8374558303886925,3.1095406360424027,4.522968197879859,6.219081272084805,4.805653710247349,0.2826855123674912,1.2720848056537102,44.97
271,Kosta Koufos,74,18.6,5.2,8.7,12.4,18.3,6.236559139784946,4.731182795698924,0.8602150537634408,0.0,0.0,0.0,1.9354838709677418,1.075268817204301,74.47
272,Kostas Papanikolaou,26,11.3,14.7,19.2,3.0,12.3,2.831858407079646,0.35398230088495575,0.7079646017699115,0.35398230088495575,3.5398230088495573,1.7699115044247786,0.7079646017699115,1.7699115044247786,70.83
273,Kris Humphries,49,16.3,8.7,9.5,0.0,0.0,3.9263803680981595,0.9815950920245399,0.7361963190184049,2.2085889570552144,3.4355828220858893,2.6993865030674846,1.2269938650306749,0.49079754601226994,82.64
274,Kristaps Porzingis,72,28.4,7.8,10.0,7.1,20.8,4.507042253521127,2.3943661971830985,2.2535211267605635,2.676056338028169,2.676056338028169,2.676056338028169,2.676056338028169,0.9859154929577465,67.29
275,Kyle Anderson,73,15.4,24.2,12.2,2.4,17.7,2.5974025974025974,1.2987012987012987,1.8181818181818181,2.5974025974025974,1.2987012987012987,0.2597402597402597,1.0389610389610389,1.8181818181818181,52.9
276,Kyle Korver,76,30.0,18.2,10.5,0.7,11.0,0.6666666666666666,0.13333333333333333,0.4,1.7333333333333334,5.333333333333333,2.1333333333333333,0.5333333333333333,1.0666666666666667,92.91
277,Kyle Lowry,74,37.3,23.1,10.7,2.2,12.4,4.82573726541555,1.1796246648793567,0.96514745308311,1.28686327077748,3.86058981233244,4.396782841823057,0.43126684636118595,2.2641509433962264,38.22
278,Kyle O'Quinn,61,11.4,16.9,14.6,10.4,23.8,4.912280701754386,1.4035087719298245,2.1052631578947367,4.2105263157894735,1.7543859649122806,0.7017543859649122,2.456140350877193,1.0526315789473684,63.57
279,Kyle Singler,64,14.3,7.9,10.4,6.1,9.4,2.797202797202797,1.3986013986013985,0.5594405594405594,0.5594405594405594,3.6363636363636362,0.8391608391608392,0.2797202797202797,1.1188811188811187,82.56
280,Kyrie Irving,50,31.2,18.7,8.9,2.9,7.7,6.0256410256410255,2.435897435897436,2.0512820512820515,3.076923076923077,4.3589743589743595,2.8205128205128207,0.38461538461538464,1.2820512820512822,28.93
281,Lamar Patterson,35,11.3,25.7,15.2,1.1,12.4,2.1238938053097343,0.0,0.35398230088495575,0.35398230088495575,3.5398230088495573,2.1238938053097343,0.35398230088495575,1.0619469026548671,82.14
282,LaMarcus Aldridge,71,30.7,8.0,7.1,9.2,22.4,6.384364820846906,2.3452768729641695,2.736156351791531,5.732899022801303,1.1726384364820848,0.0,1.4332247557003257,0.6514657980456027,66.04
283,Lance Stephenson,65,19.2,17.8,12.9,3.3,15.6,6.041666666666667,1.25,0.8333333333333334,2.916666666666667,1.875,0.8333333333333334,0.20725388601036268,1.2435233160621761,31.25
284,Lance Thomas,59,22.3,9.7,10.5,2.9,8.0,3.408071748878924,1.2556053811659191,0.8968609865470851,1.9730941704035874,3.5874439461883405,0.5381165919282511,0.17937219730941703,0.7174887892376681,67.46
285,Langston Galloway,78,24.6,22.6,6.8,2.3,13.3,3.089430894308943,0.4878048780487805,0.4878048780487805,1.951219512195122,3.4146341463414633,1.7886178861788617,0.4878048780487805,1.4634146341463414,59.31
286,Larry Nance Jr.,58,20.1,10.6,9.8,8.6,18.6,5.17412935323383,0.7960199004975124,0.5970149253731343,2.189054726368159,0.7960199004975124,0.0,0.7960199004975124,1.5920398009950247,74.05
287,Lavoy Allen,74,20.3,14.3,12.9,11.0,17.8,4.532019704433497,1.5763546798029555,0.7881773399014778,1.773399014778325,0.5911330049261083,0.0,1.1822660098522166,0.5911330049261083,69.11
288,Leandro Barbosa,65,15.9,15.7,9.5,2.9,8.3,6.037735849056603,0.7547169811320754,0.7547169811320754,1.5094339622641508,3.0188679245283017,1.7610062893081762,0.25157232704402516,1.7610062893081762,74.85
289,LeBron James,74,35.6,21.6,10.3,4.6,18.9,10.44943820224719,1.6853932584269662,1.4606741573033708,2.2471910112359548,2.8089887640449436,2.2471910112359548,0.6741573033707865,1.5730337078651684,40.43
290,Lorenzo Brown,8,7.6,23.5,19.2,0.0,12.7,4.2105263157894735,0.5263157894736842,3.1578947368421053,4.2105263157894735,1.5789473684210527,3.1578947368421053,0.5263157894736842,2.1052631578947367,37.5
291,Lou Amundson,27,7.1,14.5,13.3,12.0,14.0,6.760563380281691,1.6901408450704227,1.1267605633802817,1.1267605633802817,0.0,0.0,1.6901408450704227,1.1267605633802817,63.16
292,Lou Williams,67,28.5,14.5,9.3,1.7,8.1,2.9473684210526314,1.1228070175438596,1.263157894736842,2.1052631578947367,3.9298245614035086,3.087719298245614,0.42105263157894735,1.263157894736842,43.46
293,Luc Mbah a Moute,70,16.9,9.7,11.9,5.5,9.7,4.497041420118344,0.0,0.2366863905325444,0.7100591715976332,1.4201183431952664,0.0,0.7100591715976332,1.183431952662722,91.4
294,Lucas Nogueira,25,6.6,5.9,15.8,10.6,12.4,7.272727272727273,0.6060606060606061,0.0,0.6060606060606061,0.0,0.0,1.8181818181818183,2.4242424242424243,96.43
295,Luis Montero,10,3.3,4.6,13.8,0.0,9.9,4.848484848484849,1.2121212121212122,0.0,1.2121212121212122,9.696969696969697,7.272727272727273,0.0,0.0,20.0
296,Luis Scola,74,21.7,8.7,8.7,6.1,18.9,5.345622119815668,2.2119815668202767,0.9216589861751152,1.8433179723502304,3.133640552995392,0.9216589861751152,0.5529953917050692,1.1059907834101383,69.52
297,Luke Babbitt,43,16.7,12.3,6.0,3.0,16.4,3.5928143712574854,2.874251497005988,1.437125748502994,0.718562874251497,2.874251497005988,2.874251497005988,0.47904191616766467,0.47904191616766467,68.85
298,Luol Deng,69,32.1,13.1,7.3,5.3,15.3,4.361370716510903,1.1214953271028036,0.4984423676012461,1.4953271028037383,3.987538940809969,0.9968847352024922,0.4984423676012461,1.2461059190031152,71.98
299,Manu Ginobili,56,19.5,23.4,12.9,2.7,12.0,5.128205128205129,1.2307692307692308,1.0256410256410255,1.2307692307692308,3.6923076923076925,2.871794871794872,0.41025641025641024,2.2564102564102564,67.51
300,Marc Gasol,52,34.4,17.4,10.5,3.6,20.2,3.604651162790698,4.186046511627907,3.1395348837209305,4.069767441860465,0.813953488372093,0.0,1.5116279069767442,1.1627906976744187,69.21
301,Marcelo Huertas,48,15.3,35.9,16.2,2.3,9.3,3.1372549019607843,1.8300653594771241,1.3071895424836601,1.3071895424836601,1.8300653594771241,1.0457516339869282,0.26143790849673204,1.3071895424836601,37.11
302,Marcin Gortat,71,30.3,9.5,11.1,10.9,26.3,7.3927392739273925,2.9042904290429044,2.376237623762376,0.792079207920792,0.0,0.0,1.716171617161716,0.9240924092409241,79.45
303,Marco Belinelli,68,24.6,14.1,8.9,0.7,6.9,1.3008130081300813,0.4878048780487805,0.6504065040650406,3.252032520325203,5.853658536585366,3.4146341463414633,0.0,0.975609756097561,84.49
304,Marcus Morris,77,35.7,14.3,9.7,3.2,12.5,2.352941176470588,1.1204481792717087,2.1288515406162465,3.2492997198879547,2.352941176470588,2.0168067226890756,0.3361344537815126,0.8963585434173669,50.0
305,Marcus Smart,56,27.1,20.8,9.3,4.8,12.0,4.280442804428044,1.3284132841328413,0.5904059040590406,0.7380073800738007,2.8044280442804426,3.099630996309963,0.44280442804428044,2.214022140221402,50.54
306,Marcus Thornton,58,17.6,11.6,7.0,3.6,10.7,4.7727272727272725,1.3636363636363635,1.1363636363636362,2.2727272727272725,5.681818181818182,4.7727272727272725,0.22727272727272727,1.5909090909090908,60.65
307,Mario Chalmers,61,22.5,25.6,12.2,1.9,11.4,4.977777777777778,1.7777777777777777,0.7111111111111111,0.8888888888888888,3.022222222222222,1.6,0.35555555555555557,2.488888888888889,34.62
308,Mario Hezonja,74,17.0,15.7,15.7,2.3,11.7,2.588235294117647,0.7058823529411765,0.47058823529411764,1.8823529411764706,3.0588235294117645,3.0588235294117645,0.47058823529411764,0.9411764705882353,64.09
309,Markel Brown,57,14.8,18.0,10.7,2.4,10.6,3.513513513513513,0.8108108108108107,0.27027027027027023,2.7027027027027026,4.324324324324324,1.6216216216216215,0.27027027027027023,1.3513513513513513,62.2
310,Markieff Morris,61,25.3,12.2,13.3,4.8,19.5,5.059288537549407,1.8972332015810276,2.5296442687747036,3.794466403162055,2.3715415019762847,1.8972332015810276,0.9486166007905138,1.4229249011857708,66.23
311,Marreese Speights,68,11.6,10.0,10.6,10.5,19.5,6.8965517241379315,1.7241379310344829,1.0344827586206897,7.241379310344827,2.7586206896551726,2.0689655172413794,1.7241379310344829,1.0344827586206897,82.23
312,Marvin Williams,76,29.3,11.2,6.4,5.8,19.1,2.8668941979522184,1.2286689419795223,0.5460750853242321,0.5460750853242321,4.2320819112627985,2.8668941979522184,1.36518771331058,0.9556313993174061,77.22
313,Mason Plumlee,79,25.3,21.5,14.8,10.6,21.9,7.2727272727272725,1.7391304347826086,0.4743083003952569,0.4743083003952569,0.0,0.0,1.5810276679841897,1.2648221343873518,68.91
314,Matt Barnes,72,28.5,15.4,11.7,4.2,17.9,4.0701754385964914,0.7017543859649122,0.2807017543859649,0.42105263157894735,4.491228070175438,2.526315789473684,1.1228070175438596,1.4035087719298245,77.27
315,Matt Bonner,27,6.1,13.4,5.0,2.2,13.3,1.3114754098360657,1.3114754098360657,0.6557377049180328,1.3114754098360657,5.245901639344263,3.934426229508197,0.0,1.3114754098360657,86.21
316,Matthew Dellavedova,72,24.9,34.1,12.0,1.8,7.7,1.4457831325301205,2.248995983935743,1.285140562248996,0.48192771084337355,2.891566265060241,2.570281124497992,0.1606425702811245,0.9638554216867471,55.07
317,Maurice Harkless,75,18.4,11.3,10.8,7.4,13.9,6.304347826086957,0.6521739130434783,0.0,0.2173913043478261,3.0434782608695654,0.8695652173913044,0.8695652173913044,1.3043478260869565,63.59
318,Metta World Peace,32,16.7,11.6,6.7,3.5,13.4,3.8323353293413174,0.718562874251497,0.47904191616766467,0.718562874251497,4.550898203592815,1.9161676646706587,0.718562874251497,1.6766467065868265,65.45
319,Meyers Leonard,61,21.9,14.7,12.3,4.1,21.5,1.4611872146118723,1.0958904109589043,1.0958904109589043,2.1917808219178085,4.383561643835617,2.5570776255707766,0.5504587155963303,0.18348623853211007,86.6
320,Michael Beasley,15,19.8,5.0,8.6,8.8,22.1,10.909090909090908,2.4242424242424243,2.6262626262626263,4.242424242424242,3.0303030303030303,0.20202020202020202,1.0101010101010102,1.0101010101010102,57.94
321,Michael Carter-Williams,54,30.5,26.5,14.4,3.3,15.7,6.032786885245901,2.360655737704918,1.5737704918032787,1.8360655737704918,0.7868852459016393,0.6557377049180327,1.0491803278688525,1.9672131147540983,38.25
322,Michael Kidd-Gilchrist,7,29.3,9.9,8.8,6.3,17.8,7.235494880546075,1.2286689419795223,0.8191126279863481,0.9556313993174061,1.7747440273037542,0.0,0.5460750853242321,0.5460750853242321,57.58
323,Mike Conley,56,31.4,28.0,6.9,1.6,9.3,4.585987261146497,1.78343949044586,1.6560509554140128,2.1656050955414012,3.949044585987261,1.78343949044586,0.3821656050955414,1.5286624203821657,40.82
324,Mike Dunleavy,28,22.7,14.8,10.4,1.3,10.8,3.1718061674008813,0.5286343612334802,0.5286343612334802,0.5286343612334802,3.8766519823788546,2.4669603524229076,0.5286343612334802,0.881057268722467,88.31
325,Mike Miller,45,7.6,34.0,16.0,1.9,13.6,0.5263157894736842,0.0,0.5263157894736842,0.0,3.1578947368421053,3.1578947368421053,0.5263157894736842,1.0526315789473684,81.82
326,Mike Muscala,56,9.6,14.7,12.4,7.3,14.9,4.166666666666667,0.8333333333333334,0.8333333333333334,2.5,2.5,0.8333333333333334,1.6666666666666667,0.8333333333333334,82.89
327,Mike Scott,71,15.3,14.7,8.3,4.9,14.3,3.9215686274509802,1.5686274509803921,1.0457516339869282,1.0457516339869282,3.3986928104575163,2.3529411764705883,0.5228758169934641,1.0457516339869282,89.2
328,Miles Plumlee,57,13.7,4.6,13.5,12.9,16.9,8.467153284671534,1.7518248175182483,0.29197080291970806,0.29197080291970806,0.0,0.0,2.3357664233576645,0.8759124087591241,75.0
329,Mirza Teletovic,75,20.8,8.7,7.9,3.3,16.4,2.8846153846153846,1.7307692307692306,0.9615384615384615,1.1538461538461537,5.769230769230769,5.769230769230769,0.5769230769230769,0.7692307692307692,76.51
330,Mitch McGary,20,3.6,8.0,18.7,6.4,20.1,6.666666666666666,1.1111111111111112,1.1111111111111112,3.333333333333333,2.2222222222222223,1.1111111111111112,1.1111111111111112,1.1111111111111112,54.55
331,Mo Williams,40,18.6,20.8,12.1,0.9,9.8,1.5053763440860215,1.5053763440860215,1.7204301075268815,5.591397849462365,3.6559139784946235,2.365591397849462,0.2150537634408602,0.8602150537634408,40.15
332,Monta Ellis,77,34.1,22.3,12.1,1.6,9.1,3.9882697947214076,0.8211143695014662,1.2903225806451613,3.6363636363636362,3.167155425219941,1.87683284457478,0.5865102639296187,2.228739002932551,32.18
333,Montrezl Harrell,38,9.8,12.2,12.2,7.4,11.7,6.938775510204081,1.6326530612244896,0.4081632653061224,0.4081632653061224,0.4081632653061224,0.0,1.2244897959183672,1.2244897959183672,63.79
334,Myles Turner,55,23.1,5.7,9.1,5.5,20.6,5.194805194805195,1.2121212121212122,2.4242424242424243,5.021645021645021,1.7316017316017316,0.17316017316017315,2.4242424242424243,0.6926406926406926,79.92
335,Nate Robinson,2,11.5,80.0,0.0,0.0,0.0,0.0,0.0,0.0,0.0,1.7391304347826086,0.0,0.0,1.7094017094017095,0.0
336,Nazr Mohammed,5,3.8,0.0,33.8,6.1,16.3,5.2631578947368425,0.0,5.2631578947368425,3.1578947368421053,3.1578947368421053,0.0,0.0,0.0,33.33
337,Nemanja Bjelica,56,17.3,21.0,11.9,5.0,16.3,3.005780346820809,0.6936416184971098,0.23121387283236994,0.23121387283236994,2.0809248554913293,2.7745664739884393,0.6936416184971098,0.9248554913294798,77.27
338,Nene,53,19.1,14.8,11.9,4.6,21.9,7.329842931937172,1.6753926701570678,1.256544502617801,3.1413612565445024,0.41884816753926696,0.0,0.8376963350785339,1.8848167539267013,64.11
339,Nerlens Noel,63,28.9,12.6,17.1,8.3,22.2,7.474048442906574,1.6608996539792389,0.9688581314878894,1.5224913494809689,0.1384083044982699,0.0,2.0761245674740487,2.3529411764705883,66.99
340,Nick Collison,56,11.6,21.0,22.0,11.6,15.5,4.137931034482759,1.0344827586206897,0.3448275862068966,0.3448275862068966,0.3448275862068966,0.0,1.0344827586206897,0.6896551724137931,66.0
341,Nick Young,54,19.1,7.2,6.4,1.4,9.0,0.6282722513089005,0.20942408376963348,0.8376963350785339,2.513089005235602,6.282722513089005,3.3507853403141357,0.20942408376963348,0.8376963350785339,68.25
342,Nicolas Batum,67,35.4,25.6,13.0,2.4,16.9,2.3728813559322033,0.5649717514124294,1.3559322033898307,2.824858757062147,3.2768361581920904,3.84180790960452,0.6779661016949153,1.0169491525423728,56.18
343,Nik Stauskas,70,24.3,16.8,11.8,1.3,10.0,3.292181069958848,0.3292181069958848,0.3292181069958848,0.6584362139917695,3.6213991769547325,3.6213991769547325,0.49382716049382713,0.9876543209876543,73.81
344,Nikola Jokic,77,21.2,19.0,10.9,11.3,24.4,7.735849056603774,2.2641509433962264,1.1320754716981132,0.9433962264150944,1.3207547169811322,0.7547169811320755,1.1320754716981132,1.8867924528301887,62.75
345,Nikola Mirotic,62,24.6,11.2,11.5,3.8,19.5,3.4146341463414633,0.6504065040650406,0.6504065040650406,0.975609756097561,4.715447154471544,4.0650406504065035,1.1382113821138211,1.3008130081300813,83.47
346,Nikola Pekovic,12,13.0,14.0,11.4,5.3,10.3,6.769230769230769,5.538461538461538,0.3076923076923077,0.3076923076923077,0.0,0.0,0.0,0.3076923076923077,84.21
347,Nikola Vucevic,61,31.5,12.9,8.9,9.5,22.0,5.968253968253968,4.698412698412699,2.7936507936507935,5.587301587301587,1.2698412698412698,0.12698412698412698,1.4012738853503186,1.019108280254777,60.98
348,Noah Vonleh,75,15.1,7.9,13.1,8.4,19.7,5.033112582781457,0.794701986754967,0.26490066225165565,1.3245033112582782,1.589403973509934,0.5298013245033113,0.794701986754967,0.794701986754967,57.26
349,Norman Powell,44,12.7,14.1,10.4,3.1,14.6,5.039370078740157,0.31496062992125984,1.2598425196850394,1.5748031496062993,3.7795275590551185,1.8897637795275593,0.6201550387596899,1.5503875968992247,56.7
350,Norris Cole,45,26.6,22.1,9.9,0.9,13.4,4.060150375939849,1.2030075187969924,1.2030075187969924,4.2105263157894735,3.4586466165413534,1.9548872180451127,0.15037593984962405,1.2030075187969924,36.22
351,O.J. Mayo,41,26.6,22.3,13.6,1.4,9.6,2.1052631578947367,0.6015037593984962,1.0526315789473684,1.6541353383458646,3.1578947368421053,3.007518796992481,0.3007518796992481,1.8045112781954886,71.43
352,Omer Asik,63,17.1,8.0,18.0,11.0,28.8,5.847953216374268,0.23391812865497075,0.0,0.0,0.0,0.0,0.935672514619883,0.7017543859649122,71.15
353,Omri Casspi,69,27.2,10.8,10.7,3.4,20.1,5.147058823529412,1.911764705882353,0.29411764705882354,0.0,2.6470588235294117,3.235294117647059,0.29304029304029305,1.1721611721611722,73.33
354,Orlando Johnson,7,14.4,4.6,9.2,4.2,12.3,5.833333333333333,0.2777777777777778,0.8333333333333333,2.2222222222222223,2.5,2.7777777777777777,1.103448275862069,1.103448275862069,66.67
355,Otto Porter,70,30.8,12.6,7.4,4.7,14.8,3.3766233766233764,0.6493506493506493,0.7792207792207793,2.207792207792208,3.6363636363636362,2.0779220779220777,0.5194805194805194,1.8181818181818181,76.4
356,PJ Hairston,62,20.2,7.6,8.0,2.2,12.5,2.9702970297029703,0.594059405940594,0.39603960396039606,0.7920792079207921,3.7623762376237626,3.9603960396039604,0.39603960396039606,0.9900990099009901,78.62
357,PJ Tucker,78,30.9,18.7,12.1,6.7,14.9,4.0129449838187705,0.7766990291262136,0.12944983818770228,0.3883495145631068,3.1067961165048543,0.3883495145631068,0.3883495145631068,1.6828478964401294,53.14
358,Pablo Prigioni,54,12.8,40.4,15.0,5.1,9.5,1.25,0.3125,0.3125,0.0,1.5625,2.8125,0.0,2.8125,36.36
359,Pat Connaughton,32,3.6,14.2,14.2,7.5,15.1,6.666666666666666,1.1111111111111112,2.2222222222222223,2.2222222222222223,3.333333333333333,5.555555555555555,0.0,1.1111111111111112,61.54
360,Patrick Beverley,66,28.5,23.4,9.7,3.9,9.4,3.087719298245614,1.4035087719298245,0.7017543859649122,0.42105263157894735,4.491228070175438,1.8245614035087718,0.5614035087719298,1.8245614035087718,58.53
361,Patrick Patterson,75,25.6,13.6,9.5,4.5,14.9,1.71875,1.09375,0.78125,0.46875,3.90625,2.03125,0.6274509803921569,1.0980392156862746,76.0
362,Patty Mills,76,20.6,23.9,8.0,2.0,8.8,2.3300970873786406,0.1941747572815534,0.3883495145631068,3.1067961165048543,5.631067961165048,2.9126213592233006,0.1941747572815534,1.3592233009708736,63.08
363,Pau Gasol,70,31.9,18.8,10.3,7.1,28.5,5.266457680250784,2.2570532915360504,2.2570532915360504,5.391849529780565,1.8808777429467085,0.3761755485893417,2.5078369905956115,0.7523510971786834,68.31
364,Paul George,77,35.2,14.3,11.6,3.1,18.7,4.090909090909091,1.0227272727272727,1.8181818181818181,4.659090909090908,5.0,3.977272727272727,0.45454545454545453,2.1590909090909087,45.45
365,Paul Millsap,77,32.6,15.9,11.0,8.2,21.2,6.993865030674846,2.085889570552147,1.840490797546012,1.4723926380368098,2.576687116564417,0.9815950920245399,1.9631901840490797,2.2085889570552144,69.26
366,Paul Pierce,64,17.8,13.4,10.1,1.2,15.6,1.1235955056179774,0.449438202247191,1.1235955056179774,1.797752808988764,4.044943820224719,4.044943820224719,0.6779661016949153,1.1299435028248588,73.43
367,Phil Pressey,23,12.3,38.1,16.8,1.1,11.1,6.178861788617886,0.6504065040650406,0.6504065040650406,1.3008130081300813,0.975609756097561,1.951219512195122,0.6504065040650406,2.6016260162601625,16.67
368,Quincy Acy,55,14.2,9.2,8.4,8.1,14.7,5.352112676056338,0.5633802816901409,0.28169014084507044,1.1267605633802817,1.4084507042253522,0.8450704225352114,1.1111111111111112,1.1111111111111112,74.79
369,RJ Hunter,32,9.1,10.6,8.8,0.7,11.5,1.7582417582417582,0.8791208791208791,0.0,1.3186813186813187,4.835164835164836,4.395604395604396,0.43956043956043955,1.7582417582417582,75.0
370,Rajon Rondo,72,35.2,42.7,14.1,3.3,15.2,5.454545454545454,1.3636363636363635,0.45454545454545453,1.5909090909090908,2.5,1.0227272727272727,0.11299435028248588,2.2598870056497176,28.17
371,Ramon Sessions,77,19.6,20.3,10.7,1.7,12.4,7.346938775510203,1.8367346938775508,1.2244897959183672,0.8163265306122448,1.4285714285714284,1.4285714285714284,0.2040816326530612,1.0204081632653061,48.57
372,Randy Foye,77,20.2,21.6,11.1,1.6,9.0,2.5742574257425743,0.39603960396039606,0.19801980198019803,0.9900990099009901,4.356435643564357,2.9702970297029703,0.7920792079207921,0.9900990099009901,44.97
373,Rashad Vaughn,66,13.2,11.8,8.7,1.3,9.0,2.121212121212121,0.6060606060606061,0.6060606060606061,1.5151515151515151,3.6363636363636367,2.121212121212121,0.6060606060606061,1.2121212121212122,90.12
374,Rasual Butler,46,9.4,16.8,5.6,0.8,13.5,2.127659574468085,0.425531914893617,0.851063829787234,1.702127659574468,3.404255319148936,2.127659574468085,2.127659574468085,1.276595744680851,77.55
375,Raul Neto,77,18.8,23.3,15.3,1.4,7.9,3.1914893617021276,1.0638297872340425,1.0638297872340425,1.0638297872340425,3.829787234042553,0.851063829787234,0.0,1.702127659574468,43.33
376,Ray McCallum,41,11.6,25.4,10.1,1.9,9.3,3.4482758620689657,0.6896551724137931,2.0689655172413794,2.7586206896551726,3.793103448275862,1.0344827586206897,0.6896551724137931,1.0344827586206897,58.18
377,Raymond Felton,75,27.3,24.5,10.3,1.8,11.0,3.663003663003663,1.465201465201465,0.7326007326007326,1.465201465201465,3.36996336996337,1.465201465201465,0.29304029304029305,1.1721611721611722,32.49
378,Reggie Bullock,33,10.0,14.6,5.8,3.8,13.4,2.0,0.4,0.8,0.8,3.2,2.4,0.0,0.8,81.4
379,Reggie Jackson,77,30.6,23.5,10.5,2.5,9.1,6.666666666666666,3.5294117647058822,1.9607843137254901,2.3529411764705883,2.2222222222222223,3.5294117647058822,0.13071895424836602,1.0457516339869282,14.07
380,Richard Jefferson,70,17.5,13.4,9.5,1.2,9.3,2.2857142857142856,0.45714285714285713,0.45714285714285713,0.45714285714285713,4.114285714285714,1.3714285714285714,0.45714285714285713,0.9142857142857143,82.52
381,Richaun Holmes,51,13.8,10.3,10.0,9.3,11.7,8.115942028985506,0.8695652173913043,0.8695652173913043,0.5797101449275363,0.8695652173913043,1.7391304347826086,2.318840579710145,1.1594202898550725,73.68
382,Ricky Rubio,72,30.9,41.4,12.0,2.1,14.1,2.330097087378641,0.3883495145631068,0.6472491909385114,2.8478964401294498,2.8478964401294498,1.4239482200647249,0.12944983818770228,2.7184466019417477,44.75
383,Robert Covington,63,27.8,9.5,14.4,3.6,21.2,3.597122302158273,0.5755395683453237,0.28776978417266186,0.28776978417266186,3.1654676258992804,6.618705035971223,0.8633093525179856,2.302158273381295,79.93
384,Robert Sacre,22,12.5,13.4,10.3,9.1,12.6,3.84,1.92,1.92,1.6,0.0,0.0,1.6,0.32,70.97
385,Robin Lopez,78,27.0,11.6,13.7,13.2,16.2,7.2592592592592595,2.814814814814815,0.8888888888888888,0.7407407407407407,0.14814814814814814,0.0,2.3703703703703702,0.2962962962962963,52.38
386,Rodney Hood,75,32.1,15.2,9.1,1.7,10.4,2.367601246105919,2.367601246105919,1.6199376947040498,1.6199376947040498,5.233644859813084,2.1183800623052957,0.24922118380062305,1.1214953271028036,42.16
387,Rodney Stuckey,53,22.2,19.0,10.4,1.6,11.4,4.324324324324325,1.0810810810810811,1.4414414414414416,3.7837837837837838,1.981981981981982,0.9009009009009009,0.1801801801801802,1.2612612612612613,45.36
388,Rondae Hollis-Jefferson,25,20.8,19.2,13.3,7.7,22.0,4.615384615384615,0.7692307692307692,0.0,1.923076923076923,0.7692307692307692,0.3846153846153846,0.7692307692307692,2.692307692307692,58.73
389,Ronnie Price,58,19.1,26.5,12.9,2.1,6.8,1.6753926701570678,0.41884816753926696,0.41884816753926696,0.8376963350785339,3.5602094240837694,3.3507853403141357,0.41884816753926696,2.513089005235602,54.31
390,Roy Hibbert,76,23.4,14.9,11.7,7.3,15.8,3.760683760683761,1.5384615384615385,1.0256410256410258,2.2222222222222223,0.17094017094017094,0.0,2.393162393162393,0.6837606837606838,60.99
391,Rudy Gay,67,33.9,8.7,9.9,4.7,15.7,5.899705014749263,2.831858407079646,1.6519174041297935,2.24188790560472,2.831858407079646,1.5339233038348083,0.8235294117647058,1.5294117647058822,57.51
392,Rudy Gobert,58,32.0,13.2,17.0,12.4,27.9,6.75,0.5,0.0,0.125,0.0,0.0,2.75,1.0,62.63
393,Russ Smith,15,4.4,24.1,15.3,1.7,14.4,7.2727272727272725,3.6363636363636362,0.9090909090909091,0.9090909090909091,0.9090909090909091,2.727272727272727,0.9090909090909091,2.727272727272727,28.57
394,Russell Westbrook,78,34.5,28.9,11.8,6.2,17.9,8.81159420289855,1.5072463768115942,3.130434782608696,2.550724637681159,2.6666666666666665,2.318840579710145,0.34782608695652173,2.4347826086956523,21.49
395,Ryan Anderson,66,30.4,6.1,7.5,7.0,15.1,5.0,1.0526315789473684,1.5789473684210527,2.763157894736842,3.8157894736842106,4.342105263157895,0.5263157894736842,0.7894736842105263,60.45
396,Ryan Hollins,37,12.4,7.6,18.3,11.3,13.1,5.161290322580645,1.6129032258064515,0.3225806451612903,0.3225806451612903,0.0,0.0,1.9354838709677418,0.6451612903225806,71.43
397,Ryan Kelly,31,13.5,10.2,8.7,4.5,25.1,4.148148148148148,1.4814814814814814,1.4814814814814814,2.074074074074074,2.6666666666666665,0.8888888888888888,0.8888888888888888,0.8888888888888888,74.55
398,Salah Mejri,29,11.3,6.4,18.4,12.4,23.1,7.787610619469026,0.35398230088495575,0.0,0.0,0.35398230088495575,0.0,3.893805309734513,0.7079646017699115,75.51
399,Sam Dekker,3,2.0,0.0,0.0,0.0,18.5,0.0,0.0,0.0,0.0,0.0,0.0,0.0,5.714285714285714,0.0
400,Sasha Kaun,22,3.0,12.1,28.2,17.3,13.6,8.0,0.0,0.0,0.0,0.0,0.0,1.3333333333333333,1.3333333333333333,66.67
401,Sasha Vujacic,57,13.9,19.2,11.1,3.5,14.0,1.7266187050359711,0.0,0.5755395683453237,2.302158273381295,4.892086330935252,3.1654676258992804,0.28776978417266186,1.7266187050359711,82.08
402,Sean Kilpatrick,26,18.2,6.8,9.8,2.3,7.5,5.054945054945055,2.197802197802198,1.3186813186813187,1.5384615384615385,5.274725274725275,2.857142857142857,0.0,0.6593406593406593,66.67
403,Serge Ibaka,76,32.2,6.1,9.9,6.5,16.2,3.354037267080745,1.1180124223602483,1.3664596273291925,4.596273291925465,2.981366459627329,0.49689440993788814,2.3602484472049685,0.6211180124223602,85.82
404,Sergey Karasev,39,9.9,24.8,15.3,2.0,14.2,1.6161616161616161,0.40404040404040403,0.40404040404040403,1.2121212121212122,2.8282828282828283,1.6161616161616161,0.40404040404040403,0.8080808080808081,76.67
405,Seth Curry,40,13.9,16.1,10.0,1.4,7.9,2.014388489208633,1.4388489208633093,0.5755395683453237,2.014388489208633,4.316546762589928,2.5899280575539567,0.29411764705882354,1.4705882352941178,59.8
406,Shabazz Muhammad,78,20.5,5.5,8.0,7.1,11.8,7.024390243902439,2.341463414634146,1.3658536585365855,0.7804878048780488,3.1219512195121952,0.975609756097561,0.1951219512195122,0.5853658536585366,66.88
407,Shabazz Napier,53,11.0,27.0,12.9,1.7,8.8,2.1818181818181817,0.7272727272727273,0.7272727272727273,2.1818181818181817,4.363636363636363,4.363636363636363,0.0,1.4545454545454546,42.65
408,Shane Larkin,73,21.9,32.7,14.1,1.5,9.7,4.018264840182649,1.2785388127853883,0.9132420091324202,2.0091324200913245,2.1917808219178085,0.9132420091324202,0.18264840182648404,2.1917808219178085,38.29
409,Shaun Livingston,74,19.5,31.3,10.7,3.3,8.4,2.871794871794872,1.641025641025641,3.4871794871794872,1.641025641025641,0.20512820512820512,0.0,0.6153846153846154,1.435897435897436,47.78
410,Shayne Whittington,5,2.6,25.0,25.0,8.4,16.7,9.23076923076923,0.0,0.0,0.0,3.0769230769230766,0.0,3.0769230769230766,3.0769230769230766,40.0
411,Shelvin Mack,48,19.2,26.4,13.4,1.4,13.1,5.208333333333334,3.125,1.4583333333333335,1.875,3.75,1.4583333333333335,0.20833333333333334,1.4583333333333335,37.36
412,Solomon Hill,54,13.1,19.2,9.6,5.4,14.5,3.969465648854962,0.916030534351145,0.6106870229007634,0.6106870229007634,1.5267175572519085,1.5267175572519085,0.6106870229007634,1.5267175572519085,62.37
413,Sonny Weems,43,11.6,23.7,19.8,1.5,10.3,2.413793103448276,0.6896551724137931,1.0344827586206897,1.0344827586206897,2.413793103448276,1.3793103448275863,0.0,0.6896551724137931,76.19
414,Spencer Dinwiddie,10,11.5,21.1,10.5,0.9,8.9,4.521739130434782,2.0869565217391304,1.7391304347826086,2.4347826086956523,0.6956521739130435,2.0869565217391304,0.0,1.0434782608695652,10.53
415,Spencer Hawes,52,18.5,21.7,11.6,5.2,20.9,3.891891891891892,1.5135135135135136,1.0810810810810811,1.2972972972972974,2.1621621621621623,1.945945945945946,0.8648648648648649,0.8648648648648649,73.39
416,Stanley Johnson,71,23.1,13.5,13.1,3.5,16.5,4.329004329004329,1.7316017316017316,1.3852813852813852,1.5584415584415583,3.1168831168831166,1.9047619047619047,0.3463203463203463,1.2121212121212122,49.78
417,Stephen Curry,75,34.2,20.5,10.3,3.0,13.6,6.198830409356725,1.0526315789473684,0.8187134502923976,1.5204678362573099,4.912280701754385,8.304093567251462,0.23391812865497075,2.573099415204678,46.58
418,Steve Blake,54,16.7,37.6,15.5,1.0,9.2,1.1976047904191618,0.23952095808383234,0.23952095808383234,1.1976047904191618,3.1137724550898205,3.1137724550898205,0.23952095808383234,0.9580838323353293,48.39
419,Steve Novak,10,4.4,0.0,5.1,0.0,12.2,0.0,0.0,1.8181818181818181,0.0,10.909090909090908,7.2727272727272725,0.0,0.0,87.5
420,Steven Adams,76,25.1,9.4,13.0,11.9,15.9,6.852589641434262,1.2749003984063745,0.1593625498007968,0.0,0.0,0.0,1.76,0.8,76.25
421,TJ McConnell,77,19.8,36.6,14.0,2.9,14.6,2.8282828282828283,2.2222222222222223,2.2222222222222223,1.8181818181818181,1.2121212121212122,1.2121212121212122,0.20202020202020202,2.4242424242424243,25.69
422,TJ Warren,47,22.8,8.1,5.9,5.7,9.3,5.263157894736842,2.631578947368421,2.982456140350877,2.631578947368421,2.280701754385965,0.7017543859649122,0.5263157894736842,1.4035087719298245,68.78
423,Taj Gibson,73,26.5,14.2,10.4,11.4,15.8,6.188679245283019,1.2075471698113207,1.2075471698113207,1.6603773584905661,0.0,0.0,1.6603773584905661,0.9056603773584906,64.26
424,Tarik Black,34,12.0,10.4,13.4,8.9,26.2,6.333333333333333,1.3333333333333333,0.3333333333333333,0.3333333333333333,0.0,0.0,1.3333333333333333,1.3333333333333333,73.68
425,Tayshaun Prince,74,19.0,20.8,7.8,2.6,9.1,1.0526315789473684,0.631578947368421,0.631578947368421,1.894736842105263,1.894736842105263,0.0,0.42105263157894735,1.0526315789473684,75.49
426,Terrence Jones,49,21.2,8.1,9.5,6.4,15.9,7.735849056603774,2.452830188679245,0.18867924528301888,0.37735849056603776,1.6981132075471699,1.509433962264151,1.509433962264151,0.9433962264150944,74.7
427,Terrence Ross,68,24.0,7.2,6.3,1.3,10.2,1.3333333333333333,0.6666666666666666,1.1666666666666667,2.3333333333333335,4.833333333333333,3.3333333333333335,0.49792531120331945,1.3278008298755186,73.48
428,Terry Rozier,35,8.0,24.3,11.1,8.6,13.8,5.0,1.5,2.0,3.0,2.5,2.0,0.0,0.48780487804878053,41.38
429,Thabo Sefolosha,71,23.4,17.8,11.5,3.4,17.3,3.760683760683761,0.3418803418803419,0.3418803418803419,0.8547008547008548,2.5641025641025643,0.5128205128205129,0.8547008547008548,1.8803418803418805,76.06
430,Thaddeus Young,73,33.0,10.4,10.4,8.1,23.0,8.242424242424242,4.242424242424242,0.6060606060606061,2.303030303030303,0.48484848484848486,0.12121212121212122,0.6060606060606061,1.8181818181818181,56.16
431,Thanasis Antetokounmpo,2,3.0,0.0,0.0,0.0,18.0,20.0,0.0,0.0,0.0,0.0,13.333333333333334,0.0,0.0,33.33
432,Thomas Robinson,68,12.4,10.3,16.0,15.4,28.8,8.387096774193548,1.9354838709677418,1.6129032258064515,0.9677419354838709,0.0,0.0,1.6129032258064515,1.9354838709677418,53.08
433,Tiago Splitter,36,16.1,13.0,10.4,8.7,13.8,8.944099378881987,0.9937888198757763,0.24844720496894407,0.0,0.24844720496894407,0.0,0.7453416149068323,1.4906832298136645,75.31
434,Tibor Pleiss,12,6.8,5.6,22.3,8.6,12.8,7.647058823529412,1.7647058823529411,0.5882352941176471,1.1764705882352942,1.7647058823529411,0.0,1.1764705882352942,0.5882352941176471,90.91
435,Tim Duncan,58,25.0,22.4,12.1,8.8,24.3,4.8,3.36,0.96,1.76,0.32,0.0,2.08,1.28,68.37
436,Tim Frazier,46,12.6,31.5,14.8,3.9,12.1,3.492063492063492,1.9047619047619049,1.5873015873015874,2.857142857142857,1.9047619047619049,1.5873015873015874,0.0,1.5873015873015874,33.33
437,Tim Hardaway Jr.,47,16.9,14.6,6.6,1.0,9.7,2.840236686390533,0.4733727810650888,0.2366863905325444,1.183431952662722,4.733727810650888,2.366863905325444,0.2366863905325444,0.9467455621301776,79.82
438,Timofey Mozgov,73,17.3,6.2,14.2,9.7,18.9,7.630057803468207,1.1560693641618496,0.9248554913294798,1.1560693641618496,0.23121387283236994,0.0,1.6184971098265895,0.6936416184971098,85.22
439,Tobias Harris,73,33.0,13.4,8.7,4.2,18.5,6.303030303030303,1.5757575757575757,0.8484848484848485,1.4545454545454546,2.5454545454545454,1.4545454545454546,0.60790273556231,1.0942249240121582,63.31
440,Toney Douglas,56,19.5,22.7,9.3,2.1,10.6,2.871794871794872,1.2307692307692308,1.2307692307692308,1.641025641025641,3.8974358974358974,2.871794871794872,0.20512820512820512,2.2564102564102564,52.17
441,Tony Allen,63,25.1,10.5,11.6,6.9,14.3,7.649402390438246,0.9561752988047808,0.4780876494023904,0.6374501992031872,1.593625498007968,0.1593625498007968,0.4780876494023904,2.7091633466135456,60.47
442,Tony Parker,69,27.3,29.6,10.2,1.1,9.0,5.274725274725275,1.9047619047619047,1.465201465201465,3.5164835164835164,2.051282051282051,0.29304029304029305,0.29304029304029305,1.0256410256410255,32.0
443,Tony Snell,62,19.9,13.4,11.4,1.6,14.2,2.814070351758794,1.0050251256281408,0.20100502512562815,0.8040201005025126,3.6180904522613067,2.0100502512562817,0.6030150753768845,0.4020100502512563,67.46
444,Tony Wroten,8,18.0,15.4,22.3,1.5,14.8,11.333333333333334,1.1111111111111112,0.6666666666666666,0.2222222222222222,2.2222222222222223,2.4444444444444446,0.0,0.8888888888888888,27.27
445,Trevor Ariza,76,35.4,15.0,9.0,2.6,11.7,3.2768361581920904,0.33898305084745767,0.33898305084745767,0.7909604519774012,5.19774011299435,2.0338983050847457,0.33898305084745767,2.2598870056497176,76.19
446,Trevor Booker,75,20.6,13.7,13.9,12.3,21.0,6.796116504854369,0.7766990291262136,0.3883495145631068,0.5825242718446602,0.9708737864077669,0.1941747572815534,0.9708737864077669,1.5533980582524272,62.11
447,Trey Burke,64,21.3,16.5,8.9,1.6,8.0,3.943661971830986,1.1267605633802817,1.8779342723004695,2.816901408450704,6.197183098591549,2.629107981220657,0.18779342723004694,0.9389671361502347,40.08
448,Trey Lyles,76,16.8,9.8,10.9,5.3,19.7,3.8095238095238093,1.4285714285714286,1.6666666666666665,1.6666666666666665,3.8095238095238093,0.47619047619047616,0.47619047619047616,0.7142857142857143,68.06
449,Tristan Thompson,78,27.9,9.3,9.5,13.7,23.3,5.878136200716846,1.1469534050179213,0.28673835125448033,0.14336917562724016,0.0,0.0,0.8602150537634409,0.5734767025089607,70.04
450,Troy Daniels,39,9.9,8.3,9.3,2.0,11.7,0.8080808080808081,0.8080808080808081,1.2121212121212122,2.4242424242424243,6.4646464646464645,5.252525252525253,0.40404040404040403,0.8080808080808081,91.01
451,Ty Lawson,62,21.2,31.5,13.3,1.7,7.4,2.8301886792452833,0.5660377358490566,0.9433962264150944,2.0754716981132075,2.2641509433962264,1.3207547169811322,0.18867924528301888,1.509433962264151,36.69
452,Tyler Ennis,42,12.5,25.8,12.4,2.4,11.0,5.12,1.28,2.24,1.28,1.28,1.6,0.0,1.6,44.05
453,Tyler Hansbrough,40,8.0,6.4,10.0,13.5,16.2,6.5,1.5,0.5,0.0,0.0,0.5,1.0,1.5,59.38
454,Tyler Johnson,36,24.0,19.9,11.8,3.8,10.3,4.166666666666667,0.8333333333333334,0.8333333333333334,1.5,2.8333333333333335,1.1666666666666667,0.6666666666666666,1.1666666666666667,57.63
455,Tyler Zeller,55,12.0,6.6,12.1,9.3,17.9,8.333333333333334,3.0,0.6666666666666666,4.0,0.3333333333333333,0.0,1.0,0.6666666666666666,78.26
456,Tyreke Evans,25,30.6,27.7,12.3,2.8,16.3,9.281045751633986,0.39215686274509803,0.26143790849673204,1.1764705882352942,3.3986928104575163,1.8300653594771241,0.39215686274509803,1.6993464052287581,28.68
457,Tyson Chandler,64,24.5,11.9,17.5,11.5,27.8,6.36734693877551,0.32653061224489793,0.16326530612244897,0.6530612244897959,0.0,0.0,0.9836065573770493,0.819672131147541,66.67
458,Tyus Jones,33,14.5,31.4,11.1,1.7,7.9,3.310344827586207,2.206896551724138,1.3793103448275863,1.103448275862069,2.7586206896551726,1.9310344827586208,0.27586206896551724,1.9310344827586208,37.5
459,Udonis Haslem,33,7.2,17.5,6.3,5.0,26.0,2.2222222222222223,1.1111111111111112,1.6666666666666665,4.444444444444445,1.6666666666666665,0.5555555555555556,0.5555555555555556,1.1111111111111112,91.3
460,Victor Oladipo,70,33.0,18.8,10.1,2.2,14.1,5.333333333333333,0.8484848484848485,1.2121212121212122,2.909090909090909,3.757575757575758,2.0606060606060606,0.851063829787234,1.9452887537993921,48.47
461,Vince Carter,56,16.4,11.6,7.9,3.4,13.8,3.414634146341464,0.7317073170731708,0.7317073170731708,0.9756097560975611,4.146341463414634,3.658536585365854,0.7317073170731708,1.707317073170732,66.92
462,Walter Tavares,11,6.6,9.8,16.4,10.7,20.5,8.484848484848484,1.8181818181818183,0.6060606060606061,0.6060606060606061,0.0,0.0,3.0303030303030303,0.6060606060606061,63.64
463,Wayne Ellington,71,21.1,11.1,6.1,1.3,11.1,2.0853080568720377,0.3791469194312796,0.5687203791469194,3.2227488151658767,5.6872037914691935,2.0853080568720377,0.1895734597156398,1.1374407582938388,70.18
464,Wesley Johnson,77,20.7,8.0,8.6,2.5,14.0,1.9323671497584543,0.1932367149758454,0.3864734299516908,1.3526570048309179,5.603864734299517,2.7053140096618358,1.3526570048309179,2.1256038647342996,92.72
465,Wesley Matthews,73,33.6,13.4,6.7,1.2,8.9,1.7857142857142856,0.9523809523809523,0.8333333333333333,1.0714285714285714,5.476190476190476,2.738095238095238,0.23809523809523808,1.1904761904761905,68.28
466,Will Barton,79,28.6,14.0,9.7,2.8,20.4,6.293706293706293,1.6783216783216783,1.2587412587412588,1.5384615384615383,3.0769230769230766,2.797202797202797,0.6993006993006993,1.1188811188811187,49.3
467,Willie Cauley-Stein,62,20.8,6.8,9.2,10.5,17.0,6.9230769230769225,1.5384615384615383,0.3846153846153846,0.3846153846153846,0.0,0.0,1.923076923076923,1.1538461538461537,75.92
468,Willie Reed,39,10.9,5.5,8.7,12.8,19.6,8.807339449541285,2.568807339449541,0.7339449541284403,0.7339449541284403,0.0,0.0,2.935779816513761,0.7339449541284403,68.42
469,Xavier Munford,10,14.2,13.5,15.0,1.6,14.2,3.098591549295775,1.4084507042253522,2.2535211267605635,1.4084507042253522,2.8169014084507045,1.6901408450704227,0.28169014084507044,1.971830985915493,43.75
470,Zach LaVine,78,28.0,17.3,10.8,1.4,10.2,5.428571428571429,0.7142857142857143,0.5714285714285714,2.857142857142857,4.142857142857143,2.7142857142857144,0.2857142857142857,1.1428571428571428,50.81
471,Zach Randolph,64,29.8,11.5,8.3,9.7,21.1,8.053691275167784,2.9530201342281877,1.342281879194631,3.8926174496644292,1.0738255033557047,0.1342281879194631,0.2684563758389262,0.8053691275167785,48.26
472,Zaza Pachulia,71,26.5,15.0,14.1,13.7,26.2,5.735849056603773,1.0566037735849056,1.0566037735849056,1.6603773584905661,0.0,0.0,0.4528301886792453,1.2075471698113207,68.04
